-- phpMyAdmin SQL Dump
-- version 5.1.1
-- https://www.phpmyadmin.net/
--
-- Host: 127.0.0.1
-- Generation Time: Apr 20, 2022 at 10:16 AM
-- Server version: 10.4.21-MariaDB
-- PHP Version: 8.0.12

SET SQL_MODE = "NO_AUTO_VALUE_ON_ZERO";
START TRANSACTION;
SET time_zone = "+00:00";


/*!40101 SET @OLD_CHARACTER_SET_CLIENT=@@CHARACTER_SET_CLIENT */;
/*!40101 SET @OLD_CHARACTER_SET_RESULTS=@@CHARACTER_SET_RESULTS */;
/*!40101 SET @OLD_COLLATION_CONNECTION=@@COLLATION_CONNECTION */;
/*!40101 SET NAMES utf8mb4 */;

--
-- Database: `laravel`
--

-- --------------------------------------------------------

--
-- Table structure for table `failed_jobs`
--

CREATE TABLE `failed_jobs` (
  `id` bigint(20) UNSIGNED NOT NULL,
  `uuid` varchar(255) COLLATE utf8mb4_unicode_ci NOT NULL,
  `connection` text COLLATE utf8mb4_unicode_ci NOT NULL,
  `queue` text COLLATE utf8mb4_unicode_ci NOT NULL,
  `payload` longtext COLLATE utf8mb4_unicode_ci NOT NULL,
  `exception` longtext COLLATE utf8mb4_unicode_ci NOT NULL,
  `failed_at` timestamp NOT NULL DEFAULT current_timestamp()
) ENGINE=InnoDB DEFAULT CHARSET=utf8mb4 COLLATE=utf8mb4_unicode_ci;

-- --------------------------------------------------------

--
-- Table structure for table `migrations`
--

CREATE TABLE `migrations` (
  `id` int(10) UNSIGNED NOT NULL,
  `migration` varchar(255) COLLATE utf8mb4_unicode_ci NOT NULL,
  `batch` int(11) NOT NULL
) ENGINE=InnoDB DEFAULT CHARSET=utf8mb4 COLLATE=utf8mb4_unicode_ci;

--
-- Dumping data for table `migrations`
--

INSERT INTO `migrations` (`id`, `migration`, `batch`) VALUES
(1, '2014_10_12_000000_create_users_table', 1),
(2, '2014_10_12_100000_create_password_resets_table', 1),
(3, '2014_10_12_200000_add_two_factor_columns_to_users_table', 1),
(4, '2019_08_19_000000_create_failed_jobs_table', 1),
(5, '2019_12_14_000001_create_personal_access_tokens_table', 1),
(6, '2021_03_30_203216_create_products_table', 1),
(7, '2022_03_14_084813_create_sessions_table', 1),
(8, '2022_03_19_130217_add_extra_register_fields', 1),
(9, '2022_03_20_164608_create_rooms_table', 1),
(10, '2022_03_20_183244_create_transactions_table', 1),
(11, '2022_04_08_184438_update_products_slug', 2);

-- --------------------------------------------------------

--
-- Table structure for table `password_resets`
--

CREATE TABLE `password_resets` (
  `email` varchar(255) COLLATE utf8mb4_unicode_ci NOT NULL,
  `token` varchar(255) COLLATE utf8mb4_unicode_ci NOT NULL,
  `created_at` timestamp NULL DEFAULT NULL
) ENGINE=InnoDB DEFAULT CHARSET=utf8mb4 COLLATE=utf8mb4_unicode_ci;

-- --------------------------------------------------------

--
-- Table structure for table `personal_access_tokens`
--

CREATE TABLE `personal_access_tokens` (
  `id` bigint(20) UNSIGNED NOT NULL,
  `tokenable_type` varchar(255) COLLATE utf8mb4_unicode_ci NOT NULL,
  `tokenable_id` bigint(20) UNSIGNED NOT NULL,
  `name` varchar(255) COLLATE utf8mb4_unicode_ci NOT NULL,
  `token` varchar(64) COLLATE utf8mb4_unicode_ci NOT NULL,
  `abilities` text COLLATE utf8mb4_unicode_ci DEFAULT NULL,
  `last_used_at` timestamp NULL DEFAULT NULL,
  `created_at` timestamp NULL DEFAULT NULL,
  `updated_at` timestamp NULL DEFAULT NULL
) ENGINE=InnoDB DEFAULT CHARSET=utf8mb4 COLLATE=utf8mb4_unicode_ci;

--
-- Dumping data for table `personal_access_tokens`
--

INSERT INTO `personal_access_tokens` (`id`, `tokenable_type`, `tokenable_id`, `name`, `token`, `abilities`, `last_used_at`, `created_at`, `updated_at`) VALUES
(14, 'App\\Models\\User', 6, 'myapptoken', '18a285f0b33853946d13ac6deaeafbdde866527798327b9bce3f95486d5a4c50', '[\"*\"]', NULL, '2022-04-08 17:39:02', '2022-04-08 17:39:02'),
(16, 'App\\Models\\User', 7, 'myapptoken', 'e177e113e60c13ac99ad2d1c258f6e87771fe76ce6333eb40c9ac6c87828d34a', '[\"*\"]', NULL, '2022-04-08 18:01:04', '2022-04-08 18:01:04'),
(18, 'App\\Models\\User', 1, 'myapptoken', 'aeafb84c64a3778dfaeab42feb3d597f7c8546e25d3dde1867b2f1a18663439d', '[\"*\"]', '2022-04-08 18:06:41', '2022-04-08 18:03:37', '2022-04-08 18:06:41'),
(19, 'App\\Models\\User', 3, 'myapptoken', 'eee93089d90d4209fdb2de27e0dff2a4a0412040a9f81c71251c06069747701a', '[\"*\"]', NULL, '2022-04-09 16:18:35', '2022-04-09 16:18:35'),
(20, 'App\\Models\\User', 3, 'myapptoken', '498385a56d980cbbc049af50aef1ed0ce796403fd508b6a053db6de40229aa16', '[\"*\"]', NULL, '2022-04-09 16:22:51', '2022-04-09 16:22:51'),
(21, 'App\\Models\\User', 3, 'myapptoken', 'de8309867f1d509ee038a0353adf4b40919aaff9613a66921766755b73f558dc', '[\"*\"]', NULL, '2022-04-09 16:24:49', '2022-04-09 16:24:49'),
(22, 'App\\Models\\User', 3, 'myapptoken', '8475aeb87604523615f15f234b03292dbd09a666d0c2262a2f8a9f9ecccf24bb', '[\"*\"]', NULL, '2022-04-09 16:33:33', '2022-04-09 16:33:33'),
(23, 'App\\Models\\User', 3, 'myapptoken', '9498aa682659eb4cbd46d6b1e37d9f518b7670c3c3e5e733c159b5da238fd9c1', '[\"*\"]', NULL, '2022-04-09 16:33:51', '2022-04-09 16:33:51'),
(24, 'App\\Models\\User', 1, 'myapptoken', '6368adf554d8e669f6f615c7d72a97c9152a7a633168ea3be91b08356cd7a3cb', '[\"*\"]', '2022-04-09 16:39:12', '2022-04-09 16:35:08', '2022-04-09 16:39:12'),
(25, 'App\\Models\\User', 3, 'myapptoken', '4f9aa6236eb9ad53a4a271e2a0124024d8fd4ffb9db8b93de80b1ef0c8742988', '[\"*\"]', '2022-04-09 16:40:34', '2022-04-09 16:38:57', '2022-04-09 16:40:34'),
(26, 'App\\Models\\User', 1, 'myapptoken', '0c56bd2f616ebd0bf2000455bfe9a1bf1bd829ff66a9e1f052bb71bf688908a6', '[\"*\"]', '2022-04-12 20:37:41', '2022-04-09 16:41:45', '2022-04-12 20:37:41'),
(27, 'App\\Models\\User', 1, 'myapptoken', 'a878698eb910db99b8c3ccb8e505d686599ce7c4f1c1dc803cdc9e76068df39f', '[\"*\"]', NULL, '2022-04-09 17:02:03', '2022-04-09 17:02:03'),
(28, 'App\\Models\\User', 1, 'myapptoken', '021a563a5c28e12edb1ded00d654590bf886efd9c6ec32a0d718d6ea451c8cb3', '[\"*\"]', '2022-04-13 10:45:43', '2022-04-12 20:38:09', '2022-04-13 10:45:43'),
(29, 'App\\Models\\User', 1, 'myapptoken', '014fc70de1dfe649c789c815bd2877bd86ff37c0705e58624882ca5d955ad78b', '[\"*\"]', NULL, '2022-04-12 21:11:57', '2022-04-12 21:11:57'),
(30, 'App\\Models\\User', 1, 'myapptoken', '3699f00eb8c4e1306afb96b824f0f2eb22f36913ea1e54b62f7e2bc098896a91', '[\"*\"]', '2022-04-12 21:30:07', '2022-04-12 21:14:39', '2022-04-12 21:30:07'),
(31, 'App\\Models\\User', 1, 'myapptoken', 'cd88874b9a8d8122336da297238ae80e0affd2d5bbd2c208129ee4659feb57a5', '[\"*\"]', '2022-04-13 12:37:33', '2022-04-13 10:43:42', '2022-04-13 12:37:33'),
(32, 'App\\Models\\User', 1, 'myapptoken', '74cd05fd569d7867f435d97744b8b87230c6cb8eb9c7b7c3a6de355dc0708f27', '[\"*\"]', '2022-04-17 15:50:54', '2022-04-17 15:49:59', '2022-04-17 15:50:54'),
(33, 'App\\Models\\User', 1, 'myapptoken', '26cecb4593e38a7b15a50e500b565d52d56fb86f35ec034927bd3e104a88ab6f', '[\"*\"]', NULL, '2022-04-17 18:11:35', '2022-04-17 18:11:35'),
(34, 'App\\Models\\User', 1, 'myapptoken', '7a121633e2ac1ccafbcd885a7dd7e5f23310dc38f1762c93f46e30e2db22663c', '[\"*\"]', NULL, '2022-04-17 18:59:59', '2022-04-17 18:59:59'),
(35, 'App\\Models\\User', 1, 'myapptoken', '9456cbe4a667c4459e1f6d896384f213a7b9fe2dd5f5cc473432fd00fe64372b', '[\"*\"]', '2022-04-18 16:47:02', '2022-04-18 16:46:12', '2022-04-18 16:47:02');

-- --------------------------------------------------------

--
-- Table structure for table `products`
--

CREATE TABLE `products` (
  `id` bigint(20) UNSIGNED NOT NULL,
  `name` varchar(255) COLLATE utf8mb4_unicode_ci NOT NULL,
  `category` varchar(255) COLLATE utf8mb4_unicode_ci NOT NULL,
  `description` varchar(255) COLLATE utf8mb4_unicode_ci DEFAULT NULL,
  `price` decimal(7,2) NOT NULL,
  `created_at` timestamp NULL DEFAULT NULL,
  `updated_at` timestamp NULL DEFAULT NULL
) ENGINE=InnoDB DEFAULT CHARSET=utf8mb4 COLLATE=utf8mb4_unicode_ci;

--
-- Dumping data for table `products`
--

INSERT INTO `products` (`id`, `name`, `category`, `description`, `price`, `created_at`, `updated_at`) VALUES
(1, 'Pina Colada', 'Cocktail', 'Pineapple, rum, creamy cocktail', '2100.00', '2022-03-20 18:10:10', '2022-04-11 14:50:16'),
(2, 'Beef steak', 'Food', 'Argentinian beef', '9900.00', NULL, '2022-03-27 13:02:11'),
(3, 'Chicken steak', 'Food', 'Countryside chicken', '3000.00', NULL, NULL),
(4, 'Beef burger', 'Food', '330g meat, salad, mayo, burger', '3999.99', NULL, '2022-03-27 12:46:37'),
(5, 'Long Island', 'Cocktail', 'Rum, Tequila, Vodka, Coke', '2999.00', '2022-03-21 01:03:35', '2022-04-20 06:12:59'),
(8, 'Mliano spaghetti', 'Food', 'Meatballs with pasta', '2699.00', '2022-03-23 06:59:36', '2022-03-23 06:59:36'),
(9, 'Chilli con carne', 'Food', 'Mexican spicy minced meat', '2699.00', '2022-03-23 07:00:06', '2022-03-23 07:00:06'),
(10, 'Tequila Sunrire', 'Cocktail', 'Lemony tequila cocktail', '2999.00', '2022-03-23 07:25:54', '2022-03-23 07:25:54'),
(11, 'Sparkling water', 'Beverage', 'Still water sparkling', '399.00', '2022-03-23 07:34:32', '2022-04-13 05:58:55'),
(13, 'Coca-Cola', 'Beverage', 'Cola 0.5l', '499.00', '2022-03-23 07:35:55', '2022-03-23 07:35:55'),
(15, 'Fanta Lemon', 'Beverage', 'Lemon drink 0.5l', '499.00', '2022-03-23 07:36:36', '2022-03-23 07:36:36'),
(16, 'Coca-Cola can', 'Beverage', 'Coke drink 0.33l', '499.00', '2022-03-23 07:36:56', '2022-03-23 07:36:56'),
(18, 'Lemonade', 'Beverage', 'Lemon juice 0.33 glass', '499.00', '2022-03-23 07:37:46', '2022-03-23 07:37:46'),
(21, 'Töpörtyű', 'Food', 'Hungarian pork specialty', '1999.00', '2022-03-27 12:52:15', '2022-03-27 12:58:50'),
(22, 'Chicken wings', 'Food', 'Spicy grilled wings', '2350.00', '2022-03-27 12:53:50', '2022-03-27 12:53:50'),
(23, 'Ham and eggs', 'Food', 'Grilled ham and eggs', '2290.00', '2022-03-27 12:56:18', '2022-03-27 13:00:16'),
(24, 'Vodka Soda', 'Cocktail', 'Kalinka Vodka and Soda 2dl', '2999.00', '2022-03-27 13:01:10', '2022-03-27 13:01:22'),
(25, 'Goulash soup', 'Food', 'Pork chops, potato, vegetable, thick soup', '2999.00', '2022-03-27 13:13:49', '2022-03-27 13:13:49'),
(26, 'Ginger tea', 'Drink', 'Hot natural ginger tea', '799.00', '2022-03-27 13:15:24', '2022-03-27 13:15:24'),
(27, 'Black tea', 'Drink', 'Earl gray black tea', '599.00', '2022-03-27 13:16:43', '2022-03-27 13:16:56'),
(29, 'Grilled chicken', 'Food', 'Spicy chicken grilled', '3240.00', '2022-04-08 17:07:48', '2022-04-13 17:10:46'),
(32, 'Acacia honey', 'Food', 'Sweet acacia huney', '999.99', '2022-04-09 16:42:02', '2022-04-13 06:04:08'),
(33, 'Honey', 'Food', 'Small portion of honey', '799.00', '2022-04-09 16:42:15', '2022-04-09 16:42:15'),
(34, 'Gingerbread', 'Food', 'Sweet bread, allergic', '955.00', '2022-04-09 16:42:49', '2022-04-09 16:42:49'),
(35, 'Chicken soup', 'food', 'Hot spicy soup by chicken', '1499.00', '2022-04-10 16:54:26', '2022-04-10 16:54:26'),
(36, 'Ice-cream can chocolate', 'Sweets', 'chocolate Magnum', '3499.00', '2022-04-13 10:45:43', '2022-04-13 10:45:43'),
(37, 'Lollipop', 'Sweets', 'multiple fruit flavour', '899.00', '2022-04-13 10:46:41', '2022-04-13 10:46:41'),
(38, 'Haribo frog', 'Sweets', '200g Haribo Frog pack', '899.00', '2022-04-13 12:37:34', '2022-04-13 12:37:34'),
(39, 'Gin', 'Alcohol', '0,5L Gin', '5999.00', '2022-04-17 10:42:43', '2022-04-19 20:11:55'),
(40, 'Boiled rice', 'Food', 'Boiled jasmine rice', '699.00', '2022-04-17 10:52:42', '2022-04-17 10:53:57'),
(41, 'Tequila', 'Alcohol', 'Silver Tequila Sierra 0.5L', '7899.00', '2022-04-17 15:50:54', '2022-04-17 15:50:54'),
(42, 'Vodka', 'Alcohol', 'Finlandia Vodka 0.5L', '3899.00', '2022-04-18 16:47:02', '2022-04-18 16:47:02'),
(43, 'Bableves', 'Food', 'bab és leves', '999.00', '2022-04-19 15:56:52', '2022-04-19 15:56:52');

-- --------------------------------------------------------

--
-- Table structure for table `rooms`
--

CREATE TABLE `rooms` (
  `id` bigint(20) UNSIGNED NOT NULL,
  `room_type` varchar(255) COLLATE utf8mb4_unicode_ci NOT NULL,
  `price` decimal(8,2) NOT NULL,
  `created_at` timestamp NULL DEFAULT NULL,
  `updated_at` timestamp NULL DEFAULT NULL
) ENGINE=InnoDB DEFAULT CHARSET=utf8mb4 COLLATE=utf8mb4_unicode_ci;

--
-- Dumping data for table `rooms`
--

INSERT INTO `rooms` (`id`, `room_type`, `price`, `created_at`, `updated_at`) VALUES
(1, 'Single', '40000.00', '2022-03-27 16:05:19', NULL),
(2, 'Double', '50000.00', '2022-03-27 16:06:13', NULL),
(3, 'Luxury', '60000.00', '2022-03-27 16:06:54', NULL),
(4, 'Executive', '70000.00', '2022-03-27 16:08:00', NULL),
(5, 'Budget', '30000.00', '2022-03-27 16:08:40', NULL),
(6, 'Danube view', '55000.00', '2022-03-27 16:10:00', NULL);

-- --------------------------------------------------------

--
-- Table structure for table `sessions`
--

CREATE TABLE `sessions` (
  `id` varchar(255) COLLATE utf8mb4_unicode_ci NOT NULL,
  `user_id` bigint(20) UNSIGNED DEFAULT NULL,
  `ip_address` varchar(45) COLLATE utf8mb4_unicode_ci DEFAULT NULL,
  `user_agent` text COLLATE utf8mb4_unicode_ci DEFAULT NULL,
  `payload` text COLLATE utf8mb4_unicode_ci NOT NULL,
  `last_activity` int(11) NOT NULL
) ENGINE=InnoDB DEFAULT CHARSET=utf8mb4 COLLATE=utf8mb4_unicode_ci;

--
-- Dumping data for table `sessions`
--

INSERT INTO `sessions` (`id`, `user_id`, `ip_address`, `user_agent`, `payload`, `last_activity`) VALUES
('5Pk3uPf2HX7JBioAllOUbn3dMVEk36KZsjZdVKuO', 1, '127.0.0.1', 'Mozilla/5.0 (Windows NT 10.0; Win64; x64) AppleWebKit/537.36 (KHTML, like Gecko) Chrome/100.0.4896.127 Safari/537.36', 'YTo1OntzOjY6Il90b2tlbiI7czo0MDoibHl4b1JYbDg2YXlYOW51RGdUMXFKUlllSkg4RDFWaGc0YmE0NElZVyI7czo2OiJfZmxhc2giO2E6Mjp7czozOiJvbGQiO2E6MTp7aTowO3M6NzoibWVzc2FnZSI7fXM6MzoibmV3IjthOjA6e319czo5OiJfcHJldmlvdXMiO2E6MTp7czozOiJ1cmwiO3M6Mjc6Imh0dHA6Ly8xMjcuMC4wLjE6ODAwMC91c2VycyI7fXM6NTA6ImxvZ2luX3dlYl81OWJhMzZhZGRjMmIyZjk0MDE1ODBmMDE0YzdmNThlYTRlMzA5ODlkIjtpOjE7czoxNzoicGFzc3dvcmRfaGFzaF93ZWIiO3M6NjA6IiQyeSQxMCQ2TlptcEpiaWxlRUgvS1dNdXpYTm5lWHJmMEw0YWZmQ09ZVTIvdGM2NldBTnVGZ2RnSVgvdSI7fQ==', 1650442564);

-- --------------------------------------------------------

--
-- Table structure for table `transactions`
--

CREATE TABLE `transactions` (
  `id` bigint(20) UNSIGNED NOT NULL,
  `user_id` bigint(20) UNSIGNED DEFAULT NULL,
  `user_name` varchar(255) COLLATE utf8mb4_unicode_ci DEFAULT NULL,
  `room_id` bigint(20) UNSIGNED DEFAULT NULL,
  `room_name` varchar(255) COLLATE utf8mb4_unicode_ci DEFAULT NULL,
  `checkin` date NOT NULL,
  `checkout` date NOT NULL,
  `days` int(11) NOT NULL,
  `bill` int(11) NOT NULL,
  `halfboard` varchar(255) COLLATE utf8mb4_unicode_ci NOT NULL,
  `number_of_guests` int(11) NOT NULL,
  `created_at` timestamp NULL DEFAULT NULL,
  `updated_at` timestamp NULL DEFAULT NULL,
  `email` varchar(255) COLLATE utf8mb4_unicode_ci DEFAULT NULL,
  `phone` varchar(255) COLLATE utf8mb4_unicode_ci DEFAULT NULL
) ENGINE=InnoDB DEFAULT CHARSET=utf8mb4 COLLATE=utf8mb4_unicode_ci;

--
-- Dumping data for table `transactions`
--

INSERT INTO `transactions` (`id`, `user_id`, `user_name`, `room_id`, `room_name`, `checkin`, `checkout`, `days`, `bill`, `halfboard`, `number_of_guests`, `created_at`, `updated_at`, `email`, `phone`) VALUES
(4, NULL, 'user44', NULL, '', '2022-03-31', '2022-04-01', 1, 55000, '', 2, '2022-03-27 18:11:24', '2022-03-27 18:11:24', 'user123@gmail.com', '06206652342'),
(5, 346, 'Toni Maki', 3, 'Luxury', '2022-03-25', '2022-03-31', 5, 123000, 'Yes', 4, '2022-03-29 16:56:21', '2022-04-13 06:54:16', 'joseph@gmail.com', '06206652342'),
(9, NULL, 'Toth Zsolt', NULL, 'Single', '2022-04-09', '2022-04-16', 7, 280000, 'Yes', 2, '2022-04-08 17:13:22', '2022-04-08 17:13:22', 'zsoltika@gmail.com', '+44123456789'),
(13, 10, 'Kiss Miska', 4, 'Executive', '2022-04-16', '2022-04-23', 7, 490000, 'Yes', 2, '2022-04-09 07:04:57', '2022-04-09 07:04:57', 'miska@gmail.com', '364512356894'),
(14, 11, 'Csizmar Joska', 6, 'Danube view', '2022-04-10', '2022-04-15', 5, 275000, 'Yes', 4, '2022-04-09 08:03:29', '2022-04-09 08:03:29', 'csizmar@gmail.com', '3620456789'),
(16, 14, 'sassaas assdadsasad', 5, 'Budget', '2022-04-12', '2022-04-13', 1, 30000, 'Yes', 2, '2022-04-11 17:07:28', '2022-04-11 17:07:28', 'asasdasasasddasd@gmail.com', '06206652342'),
(19, 94, 'Kiss ramona', 1, 'Single', '2022-04-20', '2022-04-24', 4, 160000, 'Yes', 2, '2022-04-12 19:06:13', '2022-04-12 19:06:13', 'ramona@yahoo.com', '06203456789'),
(20, 345, 'Mya Diamond', 1, 'Single', '2022-04-26', '2022-05-04', 8, 320000, 'Yes', 1, '2022-04-13 06:49:52', '2022-04-15 19:05:29', 'myadiamond@gmail.com', '36201458964'),
(21, 347, 'asdasdsqweqw', 4, 'Executive', '2022-04-26', '2022-04-29', 3, 210000, 'Yes', 4, '2022-04-13 17:09:28', '2022-04-13 17:09:28', 'asdasda@gmail.com', '21312312313'),
(25, 360, 'we addasda', 5, 'Budget', '2022-07-02', '2022-07-09', 7, 210000, 'Yes', 2, '2022-04-17 09:37:33', '2022-04-17 09:37:33', 'asdasdasd2q312@gamil.com', '11111'),
(26, 361, 'John smith', 5, 'Budget', '2022-08-20', '2022-08-24', 4, 120000, 'Yes', 2, '2022-04-17 09:39:14', '2022-04-17 09:39:14', 'johnsmith@gmail.com', '111111111111'),
(27, 1, 'admin', 4, 'Executive', '2022-06-30', '2022-07-07', 7, 490000, 'Yes', 2, '2022-04-17 10:55:28', '2022-04-17 10:55:28', 'admin@gmail.com', '+36201111111'),
(29, 370, 'asdas asdassda', 4, 'Executive', '2022-09-22', '2022-09-25', 3, 210000, 'No', 4, '2022-04-19 20:10:59', '2022-04-19 20:11:22', 'asdas23123asdasqw@hcd.com', '22222223433'),
(30, 4, 'user2', 2, 'Double', '2022-06-29', '2022-07-12', 13, 650000, 'Yes', 2, '2022-04-20 06:08:19', '2022-04-20 06:10:39', 'user2@gmail.com', '+14563456999'),
(31, 375, 'toth arpad', 4, 'Executive', '2022-07-30', '2022-08-01', 2, 140000, '', 2, '2022-04-20 06:11:38', '2022-04-20 06:11:38', 'totharpad@gmail.com', '2312412412');

-- --------------------------------------------------------

--
-- Table structure for table `users`
--

CREATE TABLE `users` (
  `id` bigint(20) UNSIGNED NOT NULL,
  `name` varchar(255) COLLATE utf8mb4_unicode_ci NOT NULL,
  `email` varchar(255) COLLATE utf8mb4_unicode_ci NOT NULL,
  `role` varchar(255) COLLATE utf8mb4_unicode_ci NOT NULL DEFAULT 'User',
  `email_verified_at` timestamp NULL DEFAULT NULL,
  `password` varchar(255) COLLATE utf8mb4_unicode_ci NOT NULL,
  `two_factor_secret` text COLLATE utf8mb4_unicode_ci DEFAULT NULL,
  `two_factor_recovery_codes` text COLLATE utf8mb4_unicode_ci DEFAULT NULL,
  `remember_token` varchar(100) COLLATE utf8mb4_unicode_ci DEFAULT NULL,
  `current_team_id` bigint(20) UNSIGNED DEFAULT NULL,
  `profile_photo_path` varchar(2048) COLLATE utf8mb4_unicode_ci DEFAULT NULL,
  `created_at` timestamp NULL DEFAULT NULL,
  `updated_at` timestamp NULL DEFAULT NULL,
  `address` varchar(255) COLLATE utf8mb4_unicode_ci DEFAULT NULL,
  `phone_number` varchar(255) COLLATE utf8mb4_unicode_ci DEFAULT NULL
) ENGINE=InnoDB DEFAULT CHARSET=utf8mb4 COLLATE=utf8mb4_unicode_ci;

--
-- Dumping data for table `users`
--

INSERT INTO `users` (`id`, `name`, `email`, `role`, `email_verified_at`, `password`, `two_factor_secret`, `two_factor_recovery_codes`, `remember_token`, `current_team_id`, `profile_photo_path`, `created_at`, `updated_at`, `address`, `phone_number`) VALUES
(1, 'admin', 'admin@gmail.com', 'Admin', '2022-03-20 18:07:07', '$2y$10$6NZmpJbileEH/KWMuzXNneXrf0L4affCOYU2/tc66WANuFgdgIX/u', NULL, NULL, 'qPxcl0AbT4lryWsdekg4V5G0819UvctPiG6Wh9iHNBGTBSXFZbRUWLLMALB7', NULL, NULL, '2022-03-20 18:06:58', '2022-04-11 15:25:21', 'Sunset street 123, Miami, Florida', '+36201111111'),
(4, 'user2', 'user2@gmail.com', 'User', '2022-03-23 23:05:36', '$2y$10$7xVDuiOUO3DMvKge42nCC.AxVj0kS3N5lalYyTWC2mEZf5GRKj34K', NULL, NULL, 'tsVH4FjAm9fKsXPi9Nt3fBvUxxAuGHTj8Ez62avCVrxiMiQ4ykH3tDpdj8qL', NULL, NULL, '2022-03-23 23:04:31', '2022-04-20 06:10:39', 'user street 69, Miami,  Florida, USA', '+14563456999'),
(5, 'Toth Zsolt', 'zsoltika@gmail.com', 'User', '2022-04-07 03:02:23', '$2y$10$ntJTAjz/ypyAqZNgq.HV9uTKS83mmWo6AJA6vxaW4R/inBhkFYwTy', NULL, NULL, NULL, NULL, NULL, '2022-04-07 03:01:41', '2022-04-15 19:15:38', '1234 Trafalgar Sqaure, London, UK', '+44123456789'),
(7, 'tester', 'tester1234@gmail.com', 'User', '2022-04-17 18:50:33', '$2y$10$IfPyJesf5SSnD7RSYJNhTul3Ldz11l1oS.TF8fDKGBdzliXBqoX6K', NULL, NULL, 'N5rCTxEbb2jzwbkBsH7X0hwTqR6kHEW5AFMXotBAlyoPX958WjW7peFtvy3S', NULL, NULL, '2022-04-08 18:01:04', '2022-04-17 18:50:33', '123 Miles street, Lincoln, UK', '+44123456789'),
(9, 'Kiss Réka', 'reka22@gmail.com', 'User', NULL, '$2y$10$xbB3Hma.W65OKgyVIhGNLefneLnB/ab4GKwxSdb7gfw77yGUE9/Ji', NULL, NULL, NULL, NULL, NULL, '2022-04-09 05:41:11', '2022-04-19 18:19:29', '1132 Miami MAlibu', '11123123123'),
(10, 'Kiss Miska', 'miska@gmail.com', 'User', NULL, '$2y$10$R4AEBpQ9igw.uQdilgK5ReswAlNQBGJwQ3mxit7T.F.LpTUQKB39i', NULL, NULL, NULL, NULL, NULL, '2022-04-09 07:04:57', '2022-04-15 19:46:09', NULL, NULL),
(11, 'Csizmar Joska', 'csizmar@gmail.com', 'User', NULL, '$2y$10$Ik7QZ076E8nwLGlWAOSj3.FbfvbwyEwaZ3ZDThslyIGVHzYZUe3mq', NULL, NULL, NULL, NULL, NULL, '2022-04-09 08:03:29', '2022-04-17 18:25:26', 'Széll kálmán 12', '00121212'),
(12, 'ramona tekla', 'tekla@gmail.com', 'User', NULL, '$2y$10$ExD2Huowy8GdjMop6E7XFO1RfU1oqEapjPW6DHoJOru77Eo1QppCm', NULL, NULL, NULL, NULL, NULL, '2022-04-10 18:04:04', '2022-04-17 11:28:46', 'Rakoczi utca 85', '+36204567864'),
(13, 'kiss milan', 'milnak@yahoo.com', 'User', NULL, '$2y$10$Jxg3Q7nC9XNRSz5NBwnErO1Lc.6uhIAD78V6TRaV40wo4RqcW32ty', NULL, NULL, NULL, NULL, NULL, '2022-04-11 17:03:34', '2022-04-15 19:49:22', 'Rakoczi utca 85', '+36201111111'),
(14, 'sassaas assdadsasad', 'asasdasasasddasd@gmail.com', 'User', NULL, '$2y$10$1qZqU9PGj17BzNVg.wIRhuh0AHMJohUibYgv5y3qc2/4VNBipZiXi', NULL, NULL, NULL, NULL, NULL, '2022-04-11 17:07:28', '2022-04-11 17:07:28', NULL, NULL),
(73, 'Dr. Sister Moen', 'ekirlin@yahoo.com', 'User', NULL, '$2y$10$d5ceJ2skF.zdUwzRUXelPO9fM5nzUz6wBFr5cBQ/02x3cUrWtVCPi', NULL, NULL, NULL, NULL, NULL, '2022-04-11 18:37:19', NULL, '316 Volkman Club\nHanetown, CO 59620', '936.313.3061'),
(74, 'Prof. Elise Kunde', 'wzemlak@gulgowski.com', 'User', NULL, '$2y$10$eGdplSw0gg7ZIklYJcWsHuKy5gmIthTwdQXNwx9Z.LW2cqg28FgZG', NULL, NULL, NULL, NULL, NULL, '2022-04-11 19:46:38', NULL, '9538 Leannon Flats Apt. 846\nRebaburgh, DE 30840', '919-295-8340'),
(75, 'Ruby Gaylord', 'amalia19@hotmail.com', 'User', NULL, '$2y$10$ne4MbeZzUkAlIe1POztMGO2YtcPMaZSVPHV0hHobi18Ah3I1.2hR2', NULL, NULL, NULL, NULL, NULL, '2022-04-11 18:33:31', NULL, '6858 Vinnie Plain\nAuerland, AZ 90922', '239.874.5855'),
(76, 'Newton Jakubowski', 'heathcote.anahi@gmail.com', 'User', NULL, '$2y$10$PZN8v4KlA3n2ngJim9bY2e7avpt0gcbupjYI7Wjiai6nuAElxEuAi', NULL, NULL, NULL, NULL, NULL, '2022-04-11 18:46:23', NULL, '961 Dylan Road\nEast Chelsie, MO 22689', '+1 (575) 352-7176'),
(77, 'Dr. Ahmad McKenzie Jr.', 'arnulfo.langosh@yahoo.com', 'User', NULL, '$2y$10$y1RNmjYQzjLXjJrS4G/SjuwLkB4rlqecpPMH4tfp914bYgUPm.3W6', NULL, NULL, NULL, NULL, NULL, '2022-04-11 19:26:37', NULL, '28200 Veum Fork\nO\'Connerhaven, DE 26485', '(507) 573-4729'),
(78, 'Rubye Abshire III', 'marguerite75@mccullough.com', 'User', NULL, '$2y$10$egnGSPL19elwgyYGRzT4bOeUbBtMsHI.Jg5pguSOzNN0gv8jT0Hn.', NULL, NULL, NULL, NULL, NULL, '2022-04-11 18:28:37', NULL, '257 Eladio Roads\nEast Luisa, AZ 91613', '351-209-6410'),
(79, 'Prof. Audrey Carter', 'mathias.hackett@kub.info', 'User', NULL, '$2y$10$CdrBcWY5hygVUHfFq2Ul1OQH.CA.YQ/15CYW.PBpHmEYlED1nYhz2', NULL, NULL, NULL, NULL, NULL, '2022-04-11 19:34:38', NULL, '7144 Brannon Brooks Suite 060\nIsaiahmouth, SD 94783', '(830) 993-6468'),
(80, 'Mr. Lon VonRueden IV', 'winifred.prohaska@gmail.com', 'User', NULL, '$2y$10$xLpmQjNggg2EhNF.MZojR.GrPrPVeGHUW/ySF8GpFyBv56wYsQvOu', NULL, NULL, NULL, NULL, NULL, '2022-04-11 19:44:26', '2022-04-15 19:30:30', '23825 Kiera Shores Apt. 690\nSierraland, CO 02089', '854.861.2294'),
(82, 'Madalyn Daniel', 'wnolan@abernathy.info', 'User', NULL, '$2y$10$3wlzChLUcjUXJvCMg91LBOG4NfzXhBHxDVPs2MKfYMOr5WCAIJD2e', NULL, NULL, NULL, NULL, NULL, '2022-04-11 18:25:35', '2022-04-15 19:49:01', '268 Bayer Fields Suite 552\nNorth Fabianbury, DE 00382-4040', '530-428-8426'),
(83, 'Elena Kris', 'altenwerth.esther@pagac.com', 'User', NULL, '$2y$10$Q3BGDHCwWYMLI6jRwFwBs.51..DHCWqvIgzOHeLhvPccSwO7Q3DTm', NULL, NULL, NULL, NULL, NULL, '2022-04-11 18:51:57', '2022-04-15 19:52:39', '849 Annamarie Terrace\nLysanneborough, WY 57463-2035', '(209) 530-0762'),
(84, 'Jovanny Rogahn', 'jaylin.rosenbaum@heathcote.org', 'User', NULL, '$2y$10$aX0FXXKK3TIA9cegzVHTFuwk72m5f.Tsi662nASU.x4owtKD250.y', NULL, NULL, NULL, NULL, NULL, '2022-04-11 18:39:12', NULL, '867 Zena Prairie\nNew Roma, UT 81663', '1-534-651-3007'),
(85, 'Anissa Stehr', 'amurazik@yahoo.com', 'User', NULL, '$2y$10$ZtY4dn48Krt4.hUep3aHSeb3OYqs90SslKZfxAD9jFJmyFItX4ARm', NULL, NULL, NULL, NULL, NULL, '2022-04-11 18:31:47', NULL, '262 Davis Port Suite 233\nBrisaton, GA 92558-4603', '(315) 914-7139'),
(86, 'Prof. Eric Bogan', 'renner.christina@green.com', 'User', NULL, '$2y$10$F/VrLkniahpvqiCG66nIXelub9JZUP.iT71j8loH97D1BneihB3US', NULL, NULL, NULL, NULL, NULL, '2022-04-11 18:59:53', NULL, '706 Beahan Corner\nBergstrombury, SC 73339', '571.763.3864'),
(87, 'Prof. Raphael Aufderhar I', 'ehuels@yahoo.com', 'User', NULL, '$2y$10$gkMk501JfFMdJSwGK3RZfOsceNHRghaWj.PBxVk7k1N3.LTzcyHwW', NULL, NULL, NULL, NULL, NULL, '2022-04-11 19:31:41', NULL, '92960 Turner Ville\nDellmouth, OR 46844', '+1 (725) 716-7248'),
(88, 'Heber Von', 'willa29@hotmail.com', 'User', NULL, '$2y$10$mKpc0oKOqQJCy47SeyL1duPOZ3B.Yq1y6GB/A3olsQD9dHbntHg7S', NULL, NULL, NULL, NULL, NULL, '2022-04-11 18:15:21', NULL, '17153 Collier Dale\nKuhlmanchester, OR 93835-7679', '(319) 505-9039'),
(89, 'Gene Hyatt', 'osborne.marvin@skiles.info', 'User', NULL, '$2y$10$thWGzgWtrJJoHiZ.v0EkXexDcswn.o/U8WhEWgfrgHJfvHLCYPlDe', NULL, NULL, NULL, NULL, NULL, '2022-04-11 18:40:46', NULL, '6000 Katheryn Ports\nEast Grant, MD 45709-1662', '336.782.5469'),
(90, 'Lisette Prohaska', 'joesph.mills@schneider.org', 'User', NULL, '$2y$10$NImwrnOhe4hr8raSXjuFJ.Ha9NvusezvrPryE9rXcc0V0YBP9/sSO', NULL, NULL, NULL, NULL, NULL, '2022-04-11 19:13:58', NULL, '60158 Abel Green Apt. 149\nSchimmelfurt, CA 11193-2459', '+1.732.314.3612'),
(91, 'Lisandro Brekke', 'xschmitt@ward.com', 'User', NULL, '$2y$10$PJc3K4K8TBw3CM5O0aX9vufN7q3E7IKnm/OKv9OpBlGDY0ZFnygUC', NULL, NULL, NULL, NULL, NULL, '2022-04-11 19:53:04', NULL, '5481 Golden Extensions Apt. 279\nMetzhaven, MT 80598-7749', '+1-832-345-2719'),
(92, 'Prof. Demarcus Murray II', 'roderick79@okon.com', 'User', NULL, '$2y$10$9K./bLRMEIHuEUcrEfVXsusTWoEvp/sp3ZiKG.jjKMHm3OpkD.THK', NULL, NULL, NULL, NULL, NULL, '2022-04-11 18:48:00', NULL, '6757 Marquise Crossroad\nSouth Justus, UT 26156', '425-896-2114'),
(93, 'Mr. Garnet Gibson', 'astrid.nader@heaney.com', 'User', NULL, '$2y$10$y.6CLz.IO4b10WQ9UQjCZeIbUr5FHtaPBEf6COBPdhy9zgpyj3NLy', NULL, NULL, NULL, NULL, NULL, '2022-04-11 18:22:46', NULL, '1509 Macie Harbor Apt. 382\nNaomichester, AL 82783-4392', '316.517.3840'),
(94, 'Kiss ramona', 'ramona@yahoo.com', 'User', NULL, '$2y$10$rchOmPwyzcC6hm7fqqWwAOyUhwLUyfYE.sXnQ.Ec25dWuSUcds1Ma', NULL, NULL, NULL, NULL, NULL, '2022-04-12 19:06:13', '2022-04-12 19:06:13', NULL, NULL),
(95, 'Laury Jones', 'candido.stehr@witting.biz', 'User', NULL, '$2y$10$inF92olNuaUKZEyjRDV1YO756V.SGKuDB5mtZ0vLszIQZVtJU72TG', NULL, NULL, NULL, NULL, NULL, '2022-04-10 18:45:38', NULL, '8002 Timmothy Keys Suite 773\nSkilesfort, TX 62908', '1-559-388-9862'),
(96, 'Brisa Borer', 'mckenzie.smith@stokes.com', 'User', NULL, '$2y$10$YS5DD7zxe4HgPZ.pBFCsROygOwmDVlXA/lPuOulu0B.Fm5XohZYNS', NULL, NULL, NULL, NULL, NULL, '2022-04-12 02:50:22', NULL, '20373 Homenick Mission\nKreigerberg, IL 61471-5751', '534.624.6439'),
(97, 'Deion Mraz', 'christelle.corkery@hotmail.com', 'User', NULL, '$2y$10$A/5JWL9BMLa.6P4z2czmzu0.AEc4VWpAd9if9D2zyqS75VwQ1fx.K', NULL, NULL, NULL, NULL, NULL, '2022-04-11 08:23:04', NULL, '190 Schaefer Vista\nNorth Kearaberg, UT 59914', '1-567-505-1994'),
(98, 'Ardella Von', 'arenner@robel.com', 'User', NULL, '$2y$10$W7BFjWBnMY/qea9IDn/mqu1NweVDU4SPy58a9gNqADhksZKeNXRuO', NULL, NULL, NULL, NULL, NULL, '2022-04-10 06:30:05', NULL, '86230 River Centers\nWest Else, VT 95402-2196', '+1-516-953-3791'),
(99, 'Prof. Dillon Quigley', 'odaugherty@yahoo.com', 'User', NULL, '$2y$10$4ERd6fPbf75PsCZ.aCJhleecW6iWI5U4MVWZe8pAjYZ25GSRyllJi', NULL, NULL, NULL, NULL, NULL, '2022-04-10 18:34:02', NULL, '516 Brekke Forks Suite 950\nBoylemouth, MO 91934-2681', '(586) 571-5463'),
(100, 'Orlo Mayert', 'hand.alden@yahoo.com', 'User', NULL, '$2y$10$bZgDmvM61m2ng2BHb2RYu.m1NScy8Kcc/MSfvdRgRkohW.OcHuvrq', NULL, NULL, NULL, NULL, NULL, '2022-04-11 22:08:16', NULL, '467 Nathaniel Cliffs Suite 042\nNew Nora, AR 40279', '479.363.3598'),
(101, 'Mr. Norbert Larson IV', 'smarvin@gmail.com', 'User', NULL, '$2y$10$V.76UbgvP4vKiN8h7snJuOquo0pNqUFoZnn3rHA3idywqo24yJCjS', NULL, NULL, NULL, NULL, NULL, '2022-04-10 11:58:46', NULL, '65941 Botsford Brook Suite 195\nJonestown, MT 69434-3173', '+1-401-629-4280'),
(102, 'Pink Willms DVM', 'abagail53@schimmel.com', 'User', NULL, '$2y$10$5Zaxc9Gd4HWBA.91ubvnve/jPYe/PXw8zvcSWPn9LGcHmzWzblgzS', NULL, NULL, NULL, NULL, NULL, '2022-04-10 21:33:27', NULL, '60844 Lucile Village Suite 399\nCaitlyntown, MT 33895', '+1-949-796-2751'),
(103, 'Daisha Abernathy II', 'mpredovic@gmail.com', 'User', NULL, '$2y$10$7qasC3VX5qjcX6IHjyhwHOMT8uzX4YwplOsvPphSZtAoEy9IKhqou', NULL, NULL, NULL, NULL, NULL, '2022-04-10 10:53:32', NULL, '40398 Rogahn Islands\nPort Lincolnport, TX 12741', '425-945-7005'),
(104, 'Miss Ines Ruecker DDS', 'murazik.alexanne@metz.info', 'User', NULL, '$2y$10$jEguylFs1ErY7yIX/xPT9O7JoE9astKXIU1lFzZUfqUzE1.cXD21G', NULL, NULL, NULL, NULL, NULL, '2022-04-11 05:07:24', NULL, '326 Schaefer Trail Suite 647\nBertramshire, WV 84682-4586', '+15205744370'),
(105, 'Alexie Renner MD', 'ollie.kunze@gmail.com', 'User', NULL, '$2y$10$NX3x6.2/TuwFYZHAfqIgZusiPS4G11xt46uttqGOCFLy99tJLzLAy', NULL, NULL, NULL, NULL, NULL, '2022-04-11 02:45:27', NULL, '45416 Niko Divide\nLake Abel, NV 85994-0215', '+1-520-215-4867'),
(106, 'Darron Walter', 'dallin.bednar@hotmail.com', 'User', NULL, '$2y$10$MTXFIxQsIK8Seo.pJgwX3OEQyuyaNFXE36c87lavtjS.lJLuiDWKS', NULL, NULL, NULL, NULL, NULL, '2022-04-11 13:27:57', NULL, '8151 Daphnee Rapids Suite 677\nNorth Eliane, MI 39214', '(770) 490-2544'),
(107, 'Mr. Sheridan Morissette PhD', 'uswift@mann.com', 'User', NULL, '$2y$10$6JQ.ZcxqXvwayuO..cIh7.uvLYCOaGXdEup95uJb06ZeS08lAH9UK', NULL, NULL, NULL, NULL, NULL, '2022-04-11 13:57:32', NULL, '12731 Koepp River\nRitchiemouth, IA 74224-4488', '+1.504.227.7252'),
(108, 'Rozella Hyatt', 'pollich.dale@yahoo.com', 'User', NULL, '$2y$10$ymEa9.XP1IPLi24cCze/UuXuA5XrlZhnSQagstwF06zK3.yrVKL12', NULL, NULL, NULL, NULL, NULL, '2022-04-11 17:37:00', NULL, '728 Zemlak Mountain Suite 514\nStokesstad, ME 41613', '320-942-7677'),
(109, 'Mr. Easton Little', 'mhane@dubuque.com', 'User', NULL, '$2y$10$vAKYBkEN0x7QnIFOGHbD1um67XxOuQF7Li/DYlF.4DYhcQnS2NHK6', NULL, NULL, NULL, NULL, NULL, '2022-04-12 05:20:31', NULL, '57199 Gaylord Alley Suite 067\nEast Emiefort, DC 06700-7972', '(620) 314-0604'),
(110, 'Lelia Kunde V', 'aglae85@rice.com', 'User', NULL, '$2y$10$Pq2DlOK4dmYwg1SQnAIy5OT4tpdK1acT.oBN6IQM/6T7vXrmXy5Eq', NULL, NULL, NULL, NULL, NULL, '2022-04-11 21:39:44', NULL, '4895 Champlin Lights Suite 189\nEast Helmertown, NV 49856-3276', '678.365.3917'),
(111, 'Carter Kutch Jr.', 'bechtelar.daisy@wisozk.biz', 'User', NULL, '$2y$10$jIT9Gwf7h2FUSQ1f8Fr1q.bH4ze5DQTGSHKq2uN2KoqQWM1Y/E6H6', NULL, NULL, NULL, NULL, NULL, '2022-04-11 07:52:19', NULL, '3155 Estrella Island Apt. 573\nJohnsonstad, AL 55578', '+1.480.455.4009'),
(112, 'Dr. Omari Homenick PhD', 'margarita.lemke@gmail.com', 'User', NULL, '$2y$10$MpRgS23w4/FgLuvqEeaiR.D1HRhL.fWsXw5iKrU8XQ4kRyaAI2/e6', NULL, NULL, NULL, NULL, NULL, '2022-04-11 06:48:48', NULL, '751 Katelin Mall Apt. 878\nSouth Nannieburgh, IN 67804', '+1 (740) 344-6313'),
(113, 'Asha Metz', 'cronin.rasheed@fadel.biz', 'User', NULL, '$2y$10$PtlN1Sir8yz1PZBRpRQcEef/.oEJ2H3rMdYNtRwil2PGhCklknqtu', NULL, NULL, NULL, NULL, NULL, '2022-04-11 12:43:07', NULL, '99825 Rath Villages\nHesselbury, DE 64994-9867', '+1-820-460-4159'),
(114, 'Eleanora Parisian', 'qdaugherty@carter.net', 'User', NULL, '$2y$10$mJmdOrZKg0uPn0o7MoItxe3Qk2zgbPy6vZ7Yapc5IjywY6k/EvWVa', NULL, NULL, NULL, NULL, NULL, '2022-04-10 13:15:00', NULL, '3972 Olson Mountain\nKaylatown, ME 41706', '1-646-395-1752'),
(115, 'Miss Kattie Balistreri', 'brice@deckow.com', 'User', NULL, '$2y$10$.BZst7gmLAMqjVl4TTFKYeNYy2BiW9EjOKdwNnTQO3WK/O5Qqe4hG', NULL, NULL, NULL, NULL, NULL, '2022-04-10 22:32:10', NULL, '884 Skylar Shoal\nEast Selmer, AL 50683-5584', '(432) 576-6849'),
(116, 'Gerard Keeling', 'thalvorson@gmail.com', 'User', NULL, '$2y$10$LBjfNLAR0qrNfP89rebGJ.CmuYYEWQCpV2vgsH2mNA2/heM94CUuu', NULL, NULL, NULL, NULL, NULL, '2022-04-11 23:33:53', NULL, '663 Kub Stream Apt. 228\nSouth Clevefort, MO 58200', '+1-605-524-4481'),
(117, 'Miss Carli Gibson', 'malika50@hotmail.com', 'User', NULL, '$2y$10$E2eGOTYQL2Pu1QB94ybFtuLKNVZ67mFU1.eW4eCCh0R7Xlb14KS5m', NULL, NULL, NULL, NULL, NULL, '2022-04-10 06:27:37', NULL, '188 Predovic Place Suite 733\nPort Timmothy, MT 80606', '1-929-969-5687'),
(118, 'Veronica Reinger', 'queen.koch@gmail.com', 'User', NULL, '$2y$10$TA/Hx3EBunL5X0aZ6K/9Uel5aQaBTwA4gjdaZwsU2JFcoimEyknjK', NULL, NULL, NULL, NULL, NULL, '2022-04-11 16:02:12', NULL, '376 Brigitte Crest\nLegrosside, LA 59445', '757-312-6338'),
(119, 'Alphonso Cronin', 'jconn@hodkiewicz.com', 'User', NULL, '$2y$10$6LGtKAOa.5XJ2wOElLND0.ZxgQY.b99Z6PPskAKAMPRXdFLRqGzDK', NULL, NULL, NULL, NULL, NULL, '2022-04-11 03:43:27', NULL, '95421 Mueller Meadow\nLeifberg, MS 01443-5585', '1-619-688-9191'),
(120, 'Shaun Monahan', 'qcormier@graham.com', 'User', NULL, '$2y$10$bgY1v.fCZfB.SnbpBrtNPOoIxV0YIOay5X4UEHX8W8HT1Ab8zQsaW', NULL, NULL, NULL, NULL, NULL, '2022-04-11 04:54:12', NULL, '7536 Consuelo Rest\nNorth Kiley, GA 84983-6680', '(906) 878-1176'),
(121, 'Mr. Sigmund Carroll', 'pkris@gmail.com', 'User', NULL, '$2y$10$79OVmKJcncRQJz/h5Om6BuZmP6kJykyWV/aGWMET76rrshGpG6x8i', NULL, NULL, NULL, NULL, NULL, '2022-04-10 07:31:42', NULL, '189 Hodkiewicz Extensions\nGutmannshire, NH 70140-1768', '(872) 219-0547'),
(122, 'Prof. Dedric Dooley', 'bessie.runte@gmail.com', 'User', NULL, '$2y$10$FXDfwmXJQ2hiZ5dKRTIKLOMIo6fz0JnNWFXVeXtMIT9x2cDkqZQ0S', NULL, NULL, NULL, NULL, NULL, '2022-04-11 12:28:53', NULL, '178 Legros Mount\nHamillville, NE 02119', '+13134258976'),
(123, 'Prof. Joel Dach', 'gpagac@ortiz.biz', 'User', NULL, '$2y$10$8AOpapsF5I6kbq3vxOpL7.9S5Va8MO8NDz3UCwl87sGeKhXLFMDPu', NULL, NULL, NULL, NULL, NULL, '2022-04-11 21:54:04', NULL, '555 Russell Row\nNorth Kenchester, TN 23102', '+1-941-815-8292'),
(124, 'Jarred Keeling', 'iortiz@yahoo.com', 'User', NULL, '$2y$10$b0kHYjcDb8ucUHD57G./Xe7CB3oqAP.Dx4nlcuSLqL4cCTZItdldG', NULL, NULL, NULL, NULL, NULL, '2022-04-10 11:25:49', NULL, '9602 Olson Roads Apt. 928\nKalliemouth, MT 18323', '480.215.5602'),
(125, 'Tremaine Kovacek', 'sibyl30@yahoo.com', 'User', NULL, '$2y$10$Ff/j.ZXgPpX1QGEkdfLyZOo3aQaHn1BxsEvd6ydrLkfiblOXXiVQO', NULL, NULL, NULL, NULL, NULL, '2022-04-11 16:45:50', NULL, '32468 Maryse Lakes\nSchummhaven, OH 36713-9359', '+17269746758'),
(126, 'Oral Russel', 'deckow.aglae@heller.com', 'User', NULL, '$2y$10$GfieKALa36tWh2TbWZAaPeC1uUswB4Wg2B2pPvI5mdj3xV1DRHU..', NULL, NULL, NULL, NULL, NULL, '2022-04-10 16:11:34', NULL, '4516 Beier Brooks\nAnkundingmouth, WA 99611', '413.680.6258'),
(127, 'Erna Smith', 'goldner.brice@konopelski.com', 'User', NULL, '$2y$10$vpp2dGGhpwvDhNnp5e0K5enQ1gX56u7qNJes49us2FPCV.m6KuZjm', NULL, NULL, NULL, NULL, NULL, '2022-04-11 00:09:55', NULL, '2594 McCullough Meadows\nNorth Anastaciochester, IA 22999-5724', '1-520-368-5107'),
(128, 'Eleanore Stamm', 'isaiah.auer@gmail.com', 'User', NULL, '$2y$10$XEhZI0Wzn7twiRj4YsdmMee7qbEdDu7Ai5VXMFn57aW8N5FzFB1U.', NULL, NULL, NULL, NULL, NULL, '2022-04-11 11:44:22', NULL, '6047 Arvel Mills Apt. 069\nHarrisborough, TX 06809-2150', '+1 (541) 429-6013'),
(129, 'Mrs. Elissa Kautzer', 'triston.schinner@becker.com', 'User', NULL, '$2y$10$enKGTvs8fovLU2v4wtp6J.5WmJyQ.n23iOqmGtkVLGRjoeT79.TwC', NULL, NULL, NULL, NULL, NULL, '2022-04-10 14:52:31', NULL, '4011 Abbey Summit Apt. 904\nNorth Arianna, WI 06668-4800', '+1-205-874-2973'),
(130, 'Jennie Doyle', 'blick.orin@gmail.com', 'User', NULL, '$2y$10$EjAHGKLqGtl0o6Fr/2etee68x3h/Q9s2k0.VESKvARS4uGzNVQR6u', NULL, NULL, NULL, NULL, NULL, '2022-04-11 16:06:51', NULL, '714 Lucas Track\nTommiebury, WY 93889', '+1-240-751-4887'),
(131, 'Javon Gutmann DVM', 'njast@hotmail.com', 'User', NULL, '$2y$10$yLmRs5Ljp7K/B30swIZ/3.U4FRGwCWhlWpZeUL5Ws8Mdc2R3nd/3G', NULL, NULL, NULL, NULL, NULL, '2022-04-10 19:17:21', NULL, '837 Taylor Oval\nEast Alessandra, FL 35060', '+1 (304) 571-7223'),
(132, 'Lemuel Braun', 'xreichel@price.biz', 'User', NULL, '$2y$10$mDn6pEoZEixumuxRQgDNM.c16/5k1Ky2RiOocvehHjoqQCbW3ic.O', NULL, NULL, NULL, NULL, NULL, '2022-04-10 23:08:57', NULL, '686 Coralie Circle Apt. 935\nMaryjanefurt, WI 50329-9430', '+1-986-431-1282'),
(133, 'Jakayla Huel IV', 'ydach@hodkiewicz.org', 'User', NULL, '$2y$10$F3gYPvF.gUuFBMayYis3we6.3aKv/dpRhLXxu5Dj.hJTXS6/FkQz.', NULL, NULL, NULL, NULL, NULL, '2022-04-12 03:37:45', NULL, '338 Bailey Estates\nGottliebborough, DC 53168-2652', '+1.520.454.9484'),
(134, 'Alana Schulist', 'kub.shane@hotmail.com', 'User', NULL, '$2y$10$D3FzrI.U98HWZkCMe9PtPeGznAh9qXLQX73WF8ZiudmXRO6lG9fza', NULL, NULL, NULL, NULL, NULL, '2022-04-11 05:45:08', NULL, '521 Macy Curve\nPfefferside, RI 44578', '+1 (938) 547-2923'),
(135, 'Newell Herman', 'tiana.bauch@goyette.com', 'User', NULL, '$2y$10$BswsnGkrEu7zIudLV.dVGeP.sxjIrHLnrlgAUterV7oE3gwKvlaoC', NULL, NULL, NULL, NULL, NULL, '2022-04-11 21:52:58', NULL, '71493 Jaden Plaza Apt. 385\nHannaside, NE 18160-0623', '+16896723338'),
(136, 'Mr. Rollin Rempel', 'jeramie97@pfannerstill.net', 'User', NULL, '$2y$10$lgDpObEciIXK7E4yzkD6QOl1NThw6TvN.PGynowhLEw0qdaMdg8Cq', NULL, NULL, NULL, NULL, NULL, '2022-04-10 16:46:05', NULL, '9146 Zaria Spurs\nNorrisberg, SC 36330', '+1-712-645-4884'),
(137, 'Prof. Bill Torp', 'kkoelpin@stoltenberg.com', 'User', NULL, '$2y$10$WLIEUPSaXtYnM.bK0d7iK.RsK/TvcS1o2yZhNxOK.NvjfUC8BbF9m', NULL, NULL, NULL, NULL, NULL, '2022-04-10 17:51:17', NULL, '614 Little Park Suite 015\nEugeniaview, IA 63448-4337', '+17434248606'),
(138, 'Eve Hamill', 'marilyne46@yahoo.com', 'User', NULL, '$2y$10$zfLGCqmrqCIjnZrVSPzQpOLdwx5Boo1HSHMquL.uF2Q9uUuPvh7a.', NULL, NULL, NULL, NULL, NULL, '2022-04-10 07:32:28', NULL, '89630 Ernestine Well Apt. 210\nLake Nyasiaport, FL 33069-9365', '(859) 795-3249'),
(139, 'Prof. Prudence Beatty IV', 'njacobs@yahoo.com', 'User', NULL, '$2y$10$Oh5C.a9Sp/jHON10sYiarOTffAnYbpw7aT78v4shNb67pbdDGJ23C', NULL, NULL, NULL, NULL, NULL, '2022-04-11 16:24:04', NULL, '25078 Kulas Skyway Apt. 796\nErickaland, SD 91702-4772', '+1 (831) 969-4026'),
(140, 'Watson Strosin', 'loyal82@yahoo.com', 'User', NULL, '$2y$10$9hYt2wLi9Ce6cQubdBpXp.ZyXNaa5/AkxLllFEDUXnzrler/bphau', NULL, NULL, NULL, NULL, NULL, '2022-04-11 14:20:33', NULL, '5005 Coleman Green Suite 886\nBartellchester, AL 62016-1282', '1-814-584-8951'),
(141, 'Rylan Lueilwitz', 'mfeest@daniel.com', 'User', NULL, '$2y$10$xe6pUZkNTSk3u.5dMxlIr.4fo0FuZRzE1bSviysKIiqETJqtd.Eb2', NULL, NULL, NULL, NULL, NULL, '2022-04-10 10:07:24', NULL, '6221 Glover Ferry\nCristopherton, NC 34499', '980-715-2491'),
(142, 'Laurianne Bode', 'rfahey@yahoo.com', 'User', NULL, '$2y$10$6ty42pzYnKGfKu2DMHOobuhpEalxVMaCi0xYi8NxNva73ZBHJb0L6', NULL, NULL, NULL, NULL, NULL, '2022-04-12 00:30:21', NULL, '397 Stokes Forge Apt. 202\nEast Monique, ID 64205', '+1-985-243-6975'),
(143, 'Mrs. Ashtyn Kemmer III', 'agibson@hotmail.com', 'User', NULL, '$2y$10$ym1nRPKJauDWRR3/yxIi.eKRlIjCY1QfvhgVaSbx4wlQcTIGP0o7e', NULL, NULL, NULL, NULL, NULL, '2022-04-10 22:51:19', NULL, '88594 Casper Meadows\nRaemouth, NE 49103-5691', '+12292494011'),
(144, 'Miss Angelina Halvorson MD', 'goldner.caterina@gmail.com', 'User', NULL, '$2y$10$2ypLicZm2stjvCUmct7vc.z9YkGH1GyneI6N.IIF0afv4ClQ97k3.', NULL, NULL, NULL, NULL, NULL, '2022-04-10 21:40:28', NULL, '257 Josue Key Suite 519\nNorth Ernie, IA 42156-9157', '956.366.2373'),
(145, 'Mrs. Izabella Botsford II', 'kaci.nikolaus@pacocha.com', 'User', NULL, '$2y$10$TkzuEphMmV8uOISnFwgGYeB8zJAjznMbx3hnuJMvuWz8hvaCfDKu6', NULL, NULL, NULL, NULL, NULL, '2022-04-11 00:10:39', NULL, '23551 Ernser Walk Apt. 449\nNorth Janton, NM 61378-4973', '754.664.4779'),
(146, 'Mrs. Brandyn Erdman', 'sam.funk@gmail.com', 'User', NULL, '$2y$10$BMN3WkBa0zV2L6c0pcU1zODowvN9wuUb3pCn0SkY9aIzp2tHnsgT.', NULL, NULL, NULL, NULL, NULL, '2022-04-10 19:56:20', NULL, '4644 Ernser Corners\nWest Corneliusview, MO 44293', '+1.847.596.8388'),
(147, 'Billie Paucek Jr.', 'wilderman.jonatan@king.net', 'User', NULL, '$2y$10$U3IxvnYKF0xPF8LMVMwLkO6YMObU2lEJjug/wVIo1X1q/mRktNyce', NULL, NULL, NULL, NULL, NULL, '2022-04-11 08:30:29', NULL, '254 Klocko Groves Suite 069\nDurganchester, NY 09078', '854-712-7154'),
(148, 'Leila Wuckert', 'roberto.bosco@yahoo.com', 'User', NULL, '$2y$10$IV5EZkgkHK3iQteM5iJVxO6MzVfijCU367vqh0G6qzrNTCxWa5ZLK', NULL, NULL, NULL, NULL, NULL, '2022-04-11 09:54:19', NULL, '213 Spencer Rapid\nPort Howardtown, SD 43779-7131', '+1.425.270.4101'),
(149, 'Dr. Joesph Champlin', 'ephraim46@gmail.com', 'User', NULL, '$2y$10$Hm6.ZXtHAf2Ghup9EsV7AOfYesCJ383QKHKlxiDK/PGkJRWoA8vGW', NULL, NULL, NULL, NULL, NULL, '2022-04-10 10:12:10', NULL, '192 Nasir Fall Suite 084\nEast Maximillian, AK 20727', '928.571.4807'),
(150, 'Kiara Jacobs', 'rau.jerrod@yahoo.com', 'User', NULL, '$2y$10$e.TZqknZ3hUea4DK/iMC4eP.3QInHd2UzhuAh/cdGv6qHiFUCbHJ2', NULL, NULL, NULL, NULL, NULL, '2022-04-11 19:22:53', NULL, '63305 Eileen Camp Apt. 659\nBartolettiport, SD 37960-2220', '1-534-341-2059'),
(151, 'Allan Franecki', 'klocko.arnulfo@gmail.com', 'User', NULL, '$2y$10$nYWohFOyMEdmUwkPsKSq9OSXpXq3OidhWWpb5S41cm1R//C/S3VHa', NULL, NULL, NULL, NULL, NULL, '2022-04-11 01:12:26', NULL, '7838 Hills Wall Apt. 595\nKuhlmanmouth, TN 57295', '+1-575-950-3253'),
(152, 'Alphonso Champlin', 'haley.aiyana@hackett.net', 'User', NULL, '$2y$10$FT8bBwkbjGkbHSrMq/p5vORC4AAeTL0bH1j6ek8PupcGU8hZT6ope', NULL, NULL, NULL, NULL, NULL, '2022-04-11 21:40:39', NULL, '3532 Jacobson Court\nNicomouth, AK 63171-4610', '1-630-406-1719'),
(153, 'Adolphus Corwin', 'uconn@yahoo.com', 'User', NULL, '$2y$10$jLlBwrPSYdq.KzKgtO9MH.oAj1QwacBkKMujveBpI6/Ol/rAIb9RW', NULL, NULL, NULL, NULL, NULL, '2022-04-10 15:29:20', NULL, '3701 Estelle Mount Apt. 292\nNorth Joaquinhaven, WV 78777', '(641) 708-4489'),
(154, 'Ms. Martina Cassin MD', 'destiney18@schroeder.com', 'User', NULL, '$2y$10$kGSSvq49sCd972sZp4w4RetEFDGEJb.6XiBpAy6BzfCcp9fpizA8S', NULL, NULL, NULL, NULL, NULL, '2022-04-12 00:05:41', NULL, '3337 Kuhn Lake\nSouth Vernbury, AR 84914', '1-551-853-2029'),
(155, 'Jeromy Johnston', 'ali.pouros@paucek.net', 'User', NULL, '$2y$10$41MJBOp.i/NutvvHW6W/geMoSupclMW2s/OIjhgGtd8Gind/JZlgG', NULL, NULL, NULL, NULL, NULL, '2022-04-10 14:26:22', NULL, '749 Ortiz Camp\nAnnabellehaven, NM 59769', '+1-415-381-6251'),
(156, 'Floyd Shields', 'ntremblay@hotmail.com', 'User', NULL, '$2y$10$TIdxKi55kK.W9hG9uyq9PeAwFz3KvzIn4F8ewCV4svoGZ2a8kdxrS', NULL, NULL, NULL, NULL, NULL, '2022-04-11 19:39:02', NULL, '666 Kris Avenue\nSouth Helmerborough, NY 29101-7048', '351-503-1249'),
(157, 'Rosa Kunde', 'walter.luciano@yahoo.com', 'User', NULL, '$2y$10$k5WlEGCkqaYNbC1TJCx39.CqR5rhsdIaaByG27uU7f3hH1x5A2hB.', NULL, NULL, NULL, NULL, NULL, '2022-04-10 16:16:51', NULL, '4686 Dicki Flats Suite 856\nMadonnamouth, OR 26053-2848', '336.357.7379'),
(158, 'Toy Satterfield', 'qjenkins@gmail.com', 'User', NULL, '$2y$10$cARtp6Hs79hTxN9NVCqZxuLOiW2kCIxkdBhnzA8sydqtxiXbE4KuW', NULL, NULL, NULL, NULL, NULL, '2022-04-11 15:32:29', NULL, '52900 Alice Isle\nNew Zoraberg, AK 11068-2342', '(979) 567-9297'),
(159, 'Wilfred Abshire', 'elmira92@veum.com', 'User', NULL, '$2y$10$5dB8qVy9qZD2E7DhV/kmQudxpSD6tZaWoydM.7Lm/YNs7DDst/p0y', NULL, NULL, NULL, NULL, NULL, '2022-04-11 12:24:17', NULL, '6048 Bogisich Forks\nSanfordton, KY 44139', '773.258.3721'),
(160, 'Kenton Bednar I', 'beahan.alisa@hotmail.com', 'User', NULL, '$2y$10$yKVDNAzJ/23eKChV5DCitOilNxGBZZERBYOgySnaLWGHFF0RaGiGG', NULL, NULL, NULL, NULL, NULL, '2022-04-11 11:44:19', NULL, '4645 Broderick Pines Apt. 543\nPort Savannafort, OR 79534', '+1 (754) 502-9598'),
(161, 'Ettie Reinger', 'adell36@okuneva.info', 'User', NULL, '$2y$10$CQMv1q1Mz73k233Oo9oHIurVXzypimboYcSlfnAQQ9leFjfUyxxvW', NULL, NULL, NULL, NULL, NULL, '2022-04-11 00:26:00', NULL, '622 Rico Forest Apt. 303\nAntwonview, MT 37016', '+1-352-883-9037'),
(162, 'Robyn Kihn', 'aiyana44@hotmail.com', 'User', NULL, '$2y$10$zai.v8/Bdr6I6ZV7liz5zO3GCssczY028ZLUPkLM52j2TqAEsDEx.', NULL, NULL, NULL, NULL, NULL, '2022-04-12 02:02:15', NULL, '5068 Altenwerth Ways\nNorth Chetmouth, MN 50119', '1-458-759-7761'),
(163, 'Carmel Gutkowski III', 'sydnee66@hotmail.com', 'User', NULL, '$2y$10$QZ/MW3kfawGDOBAU3Gtjze8J3S2Y1y5uhjZUP7fqeNYR2DsHDuhXK', NULL, NULL, NULL, NULL, NULL, '2022-04-11 01:42:18', NULL, '6047 Stanton Mill Apt. 735\nPort Onatown, SC 87731', '+1-765-380-8240'),
(164, 'Maryjane Champlin', 'noemie.gutkowski@bayer.biz', 'User', NULL, '$2y$10$G3VeJ9xUCXgzbGBfzVpa8eDWxPH4Jw50w4ioKm8v8Gf7Rqlv6iZUS', NULL, NULL, NULL, NULL, NULL, '2022-04-11 09:04:05', NULL, '592 Marquise Overpass\nAubreeside, FL 46910', '774-622-3097'),
(165, 'Anabel Abbott', 'ftillman@schroeder.net', 'User', NULL, '$2y$10$RaKga39kLRXp.rSeNE2F6.M4OAnqgNjbeM79E2c1J9tFh0afoqQ1e', NULL, NULL, NULL, NULL, NULL, '2022-04-11 04:27:11', NULL, '1605 Wiegand Ridge Apt. 244\nClarefort, MT 94071', '+1.513.992.3507'),
(166, 'Ms. Kamille Strosin DVM', 'rickie.streich@fritsch.com', 'User', NULL, '$2y$10$Gr6mPQrouLEKF8NydsuC.uTFMC8IBPldzC7n7LUPigzMN.LxKBpwO', NULL, NULL, NULL, NULL, NULL, '2022-04-11 20:05:43', NULL, '862 Ernser Passage\nSchmidtfort, ME 61111', '1-424-941-6369'),
(167, 'Devonte Buckridge', 'pete23@hotmail.com', 'User', NULL, '$2y$10$HUhi20YU8tOrWpZ6fmjpdOE.aIIGw9AYs4w6mGaQYjK2NjY7dUh3q', NULL, NULL, NULL, NULL, NULL, '2022-04-10 15:03:59', NULL, '5684 Myron Loaf\nLesterfort, OK 63410-9179', '+1.904.245.2993'),
(168, 'Donnie Carter', 'bailey.claudine@gmail.com', 'User', NULL, '$2y$10$2RFRaeyuQKYITwd61.WtuukyTCG7Xtq6AvzSWRZIMTEmZVb0LSnsu', NULL, NULL, NULL, NULL, NULL, '2022-04-11 12:44:15', NULL, '325 Lockman Junction\nPort Caleighburgh, HI 43820-2933', '+1-717-341-1550'),
(169, 'Drake Klocko', 'ncole@price.com', 'User', NULL, '$2y$10$g6Dj7b6Ay2jxZbqQtG96medaaQvXSeJUcPdumxNdOtGsjABR4N5yO', NULL, NULL, NULL, NULL, NULL, '2022-04-11 05:35:14', NULL, '6963 Orn Shores Apt. 161\nJoaniechester, SD 50352', '1-678-945-2958'),
(170, 'Annie Senger II', 'laurence39@larson.net', 'User', NULL, '$2y$10$C/WpNBe0Kc/EUCVot/o5W.9Nb34e2pzuZYSkhesH0RluR0hYA7AEi', NULL, NULL, NULL, NULL, NULL, '2022-04-10 21:04:41', NULL, '90650 Barrett Row\nArielmouth, PA 13840-1360', '1-765-717-6064'),
(171, 'Alda Ankunding', 'lynch.zola@gmail.com', 'User', NULL, '$2y$10$vDyRLO3K4NdNKLxLsGoT..pGcW.gbiBZfLxMF8blEAecFqAWIa4vq', NULL, NULL, NULL, NULL, NULL, '2022-04-10 16:28:17', NULL, '7851 Cassin Ford\nNew Gabrielchester, VA 60523', '+1.747.320.0345'),
(172, 'Prof. Leon Braun V', 'emerson.hackett@dietrich.com', 'User', NULL, '$2y$10$AKNgjqOc8lh8sd0S1t/nzO2B6aeuxDrC60R4p5DVmtAXCgBdQkErS', NULL, NULL, NULL, NULL, NULL, '2022-04-10 17:48:10', NULL, '395 Isac Mountain Suite 350\nWest Jenaburgh, DC 41845-8942', '(260) 698-8853'),
(173, 'Everette Walker', 'shanel.medhurst@jenkins.com', 'User', NULL, '$2y$10$ciU1D1bkZS52lZpEHllLYuvBIr4QrQ/VEqPeh/9auw.ghPdsa87cm', NULL, NULL, NULL, NULL, NULL, '2022-04-11 02:38:02', NULL, '6768 Weldon Rue Suite 379\nEast Juanitaport, LA 20992', '(347) 875-0077'),
(174, 'Amani Labadie', 'qbahringer@hotmail.com', 'User', NULL, '$2y$10$p/Hy5tplIKz4P18nahC/lOIn.u4IGl6MvchXWkL4fhKC05hG34sPe', NULL, NULL, NULL, NULL, NULL, '2022-04-11 16:17:34', NULL, '68915 Deckow Extension\nMayerstad, TX 63585-4401', '+1.313.200.4957'),
(175, 'Patience Daugherty', 'barbara40@yahoo.com', 'User', NULL, '$2y$10$rmP4oaTi10jAdCijwi8z3uqD1HUItMcZXMnuT.dfzVbUeaVxcr8zy', NULL, NULL, NULL, NULL, NULL, '2022-04-12 05:05:17', NULL, '7686 Tromp Trace Suite 376\nLake Deshawn, SC 16017', '+1 (860) 273-4843'),
(176, 'Miss Mina Cruickshank PhD', 'dolly87@yahoo.com', 'User', NULL, '$2y$10$YOWaiLrud8bpXWaCpSlcrOVE7T42o7FeXk/1pK5KeoIy..7Kv7zQK', NULL, NULL, NULL, NULL, NULL, '2022-04-11 09:53:23', NULL, '187 Terry Forks Apt. 367\nSouth Wiley, WI 42832-2227', '(423) 254-2393'),
(177, 'Eduardo Boyle', 'tpaucek@hotmail.com', 'User', NULL, '$2y$10$CQKHXqvgjesB.eEWZHds1u0d1CKrSj6ggDunNIMJ.u3RZtmDZlhj.', NULL, NULL, NULL, NULL, NULL, '2022-04-10 17:30:08', NULL, '44716 Effie Mall Apt. 100\nReynoldsburgh, MS 11415', '918.540.8770'),
(178, 'Norval Quigley', 'lou75@boehm.info', 'User', NULL, '$2y$10$Rc4CdQI35DJgh8yvz1KiIOShLdSSDBDmHPJ1eFqF/.QHG4F/aAlVK', NULL, NULL, NULL, NULL, NULL, '2022-04-11 02:49:38', NULL, '896 Waelchi Bypass Apt. 080\nNew Bryanaberg, MD 05863-2114', '+1.279.633.9360'),
(179, 'Reva Graham Jr.', 'alexane93@hotmail.com', 'User', NULL, '$2y$10$k9NyasK5ipqB0gS/K6rzJu794.Jc3VUZtbKmXLedj6QbFD7OW0Z5G', NULL, NULL, NULL, NULL, NULL, '2022-04-11 22:58:43', NULL, '8316 Satterfield Rest Apt. 002\nBethanystad, NC 04446-1996', '+1-602-864-2898'),
(180, 'Johnathan Schaefer', 'rokeefe@gmail.com', 'User', NULL, '$2y$10$Fau7H8U56AfwXSQIdfTyQudov3fhm/LmEEQ1KOaRt9e.rK.kRejee', NULL, NULL, NULL, NULL, NULL, '2022-04-10 18:21:20', NULL, '10680 Bennett Crest Apt. 678\nNew Ardella, KS 80930', '+1-650-450-9202'),
(181, 'Ms. Kimberly Treutel DVM', 'raul65@yahoo.com', 'User', NULL, '$2y$10$NzaSy0kI32GqyrUS315R5uXqXp6lDqdeiNI6YxyOnf4rvWysiXJFq', NULL, NULL, NULL, NULL, NULL, '2022-04-11 05:06:28', NULL, '6435 Littel Trafficway Apt. 273\nFredyborough, NV 57403', '(385) 900-4600'),
(182, 'Miss Roma Gutkowski', 'qrodriguez@gmail.com', 'User', NULL, '$2y$10$5Awe8hfFsHAY47rH5g3ZRu.pVtfjhxFe61HJ7Dmm4BgI131MpAgg6', NULL, NULL, NULL, NULL, NULL, '2022-04-11 03:19:05', NULL, '73869 Jarrell Radial\nNorth Kelleymouth, WI 21416', '(458) 220-2767'),
(183, 'Prof. Aaron Schultz III', 'pgoodwin@gmail.com', 'User', NULL, '$2y$10$3DvgDUc7toOX13oe1q2PjepfMEebvtDq/S9zltrRy5DAsXXD2h6Zu', NULL, NULL, NULL, NULL, NULL, '2022-04-11 09:20:35', NULL, '433 Ernser Station\nEast Lucymouth, TX 38072-3035', '1-267-265-1282'),
(184, 'Gonzalo Lowe', 'kohler.syble@wunsch.org', 'User', NULL, '$2y$10$jl5CmOIUGtRHWxJ8DpC15uhlMifVNIY.JZtxZvmsi9.a8xUGLhDaW', NULL, NULL, NULL, NULL, NULL, '2022-04-10 08:32:45', NULL, '69899 Mitchell Fort\nWest Autumnview, IL 76387-7893', '(540) 634-9862'),
(185, 'Prof. Bobby Kunze MD', 'aryanna14@green.com', 'User', NULL, '$2y$10$5zckilRxwksLrXjRNrCSfOL9omwyzY57q79fF55Pi3uIqvQr8SBXm', NULL, NULL, NULL, NULL, NULL, '2022-04-12 02:25:26', NULL, '1613 Katheryn Springs\nLake Juanitatown, HI 81028-4087', '+1.240.790.2119'),
(186, 'Kristina Kilback', 'dsteuber@brakus.com', 'User', NULL, '$2y$10$CRCGVoNYs1o6oeF8s6yI1.yUFw2ArtHDhiNmmufJqi1k29zf9i7MW', NULL, NULL, NULL, NULL, NULL, '2022-04-11 10:05:53', NULL, '6490 Kyler Mill\nWestmouth, KY 67824-5775', '508.646.2297'),
(187, 'Xander Brekke', 'djohnson@renner.biz', 'User', NULL, '$2y$10$jAF7Dps6Fl1NAiPH33iWr.VgPGBoSidcGP561EEvgsVAXPhHWgwFe', NULL, NULL, NULL, NULL, NULL, '2022-04-11 06:38:56', NULL, '32552 Lelah Forest Apt. 251\nChristianmouth, NC 43529', '(534) 516-3391'),
(188, 'Mr. Consuelo McDermott', 'abbigail.senger@yahoo.com', 'User', NULL, '$2y$10$W3ZQ/kREFMDxXdUovNZoO.Fnvm2ua/SHmCryGqsH2HLGxn3.kwoda', NULL, NULL, NULL, NULL, NULL, '2022-04-11 14:02:22', NULL, '482 O\'Connell Cliffs\nConsidinemouth, WA 12340-1697', '1-430-351-6725'),
(189, 'Ludwig Corkery', 'tabernathy@yahoo.com', 'User', NULL, '$2y$10$aLoKe.5pcnZLfgPk5yp8.umZnU7.9NlTqDzBAW6juy7YEUbcsTgVu', NULL, NULL, NULL, NULL, NULL, '2022-04-10 23:31:14', NULL, '6464 Hellen Vista\nNorth Broderick, NJ 39958-6923', '678.958.9535'),
(190, 'Dr. Audreanne Luettgen', 'bennett.blanda@yahoo.com', 'User', NULL, '$2y$10$Ixv13BrDHu0eydOGJTpGCuMGtjJMFFsu9axakz8sXJ0.mzN9wvDjW', NULL, NULL, NULL, NULL, NULL, '2022-04-12 02:36:08', NULL, '72275 Corkery Via\nLake Ervinstad, AL 34458-2148', '657.949.4952'),
(191, 'Aniya Runolfsson', 'gaylord.kemmer@hotmail.com', 'User', NULL, '$2y$10$IwD7bI8VVxjY0vKv4rNUjOw/wJyxLd8BLlK4LxvSy15cIqHxScb8S', NULL, NULL, NULL, NULL, NULL, '2022-04-11 13:39:28', NULL, '126 Monahan Passage\nMosciskiview, AZ 14830', '+1.312.249.3598'),
(192, 'Zita Bailey', 'price.wade@gmail.com', 'User', NULL, '$2y$10$cX5oUKaJXvZgzt9w/XkGJO5LJN6tKOaZNRlgUdH/h.TFMmVJt6P.W', NULL, NULL, NULL, NULL, NULL, '2022-04-10 08:21:10', NULL, '245 Trantow Falls Apt. 352\nNew Anahiland, SC 38494', '+14059806872'),
(193, 'Samanta Moore', 'kavon43@gmail.com', 'User', NULL, '$2y$10$bmuEwliE6SB/po4pDwRB.ORXNE2kNKkHUfnjIWND2yLkhyq9QprNm', NULL, NULL, NULL, NULL, NULL, '2022-04-10 15:27:11', NULL, '42303 Emard Branch Suite 212\nJerdefort, OR 77326', '+13513482193'),
(194, 'Magali Tillman', 'furman38@bradtke.com', 'User', NULL, '$2y$10$t5E.pg0C.DhQ7c/Bwg2j6ereHwdNh2Ji3hBpX8uv7OrwUU1v9lRz.', NULL, NULL, NULL, NULL, NULL, '2022-04-12 00:25:03', NULL, '451 Bridgette Well Suite 769\nErdmanborough, HI 69115', '480-302-1410'),
(195, 'Mr. Harley Watsica', 'dhill@yahoo.com', 'User', NULL, '$2y$10$kmVdDv0kTt5gd/ZRr/b1vOkAFLcQn9R8Q8mOlUzT1PRoArypqFHZy', NULL, NULL, NULL, NULL, NULL, '2022-04-12 06:05:38', NULL, '5929 Dorthy Tunnel\nNorth Braedenville, AK 22436', '(615) 367-0179'),
(196, 'Dr. Andres Christiansen Sr.', 'filomena59@hotmail.com', 'User', NULL, '$2y$10$M6pfmY8ZYuhk1nA08sO0sO8fbZPkYUyEH25W4FZjHVLQHfZUJKzMC', NULL, NULL, NULL, NULL, NULL, '2022-04-11 03:31:32', NULL, '614 Ervin Port Suite 030\nFaheybury, PA 94118', '463.781.1176'),
(197, 'Miss Madelyn Schiller PhD', 'hiram01@yahoo.com', 'User', NULL, '$2y$10$h2aLy8tC9pOxJeSbZ8Y7buXma3C1Ht3vMP/KdxJG/ujUg7BK0sBO2', NULL, NULL, NULL, NULL, NULL, '2022-04-12 03:20:28', NULL, '42907 Bernier Well Apt. 038\nMurphyfort, ND 41796', '(580) 768-8836'),
(198, 'Marco Sipes', 'marcel87@hotmail.com', 'User', NULL, '$2y$10$uU54uX4NCztqc7k37w3v7.zqPFWT0R3rczN2y49MaQ1UUANek4BPa', NULL, NULL, NULL, NULL, NULL, '2022-04-10 11:23:43', NULL, '1988 Reinger Meadow\nLake Georgetteland, CA 79363-7220', '+1-551-607-0615'),
(199, 'Oliver Reynolds', 'pete.oconnell@reynolds.com', 'User', NULL, '$2y$10$7Cnqg1nB1T7najt4sLDkxe3vsQoHPwwMAQBeg4rL7T/8EjkNM1mnC', NULL, NULL, NULL, NULL, NULL, '2022-04-11 10:40:03', NULL, '73013 Zita Rapids Apt. 616\nEast Jacynthe, NV 34182-0270', '1-848-324-3263'),
(200, 'Lavada Hessel', 'kari.boyle@hotmail.com', 'User', NULL, '$2y$10$h.1onAjiOtmc62Ot858ppe0lZ.i/0JvZ6.im2KJPyPv9X4k/FnCnu', NULL, NULL, NULL, NULL, NULL, '2022-04-10 14:05:18', NULL, '34718 Windler Ranch Apt. 225\nWest Shanny, ME 57506', '+1.206.606.9587'),
(201, 'Rex Bartoletti', 'hickle.dawn@kuhic.com', 'User', NULL, '$2y$10$0GenMaqo0S63kG7I5qGa8ODnmLAdu4FN.D7SHIsh9pOgiowK79nja', NULL, NULL, NULL, NULL, NULL, '2022-04-12 05:30:23', NULL, '992 Antonetta Summit\nMrazville, LA 38645-8069', '(667) 851-2673'),
(202, 'Thelma Strosin', 'pacocha.wanda@willms.info', 'User', NULL, '$2y$10$1iqOQ6PjgCU1cTUQtwHSNut2lK8/ikcmQoq1mKABWZAHBfywCDM..', NULL, NULL, NULL, NULL, NULL, '2022-04-10 21:23:06', NULL, '28255 Santiago Mountain Suite 164\nWest Salvador, DE 45143-3098', '(662) 802-4604'),
(203, 'Casper McClure III', 'cremin.mohammed@wyman.com', 'User', NULL, '$2y$10$d14/HOrUbSHs.BKYFiQUkOlL1572wN.cLvtmnctEz6tkY7n/GJNfK', NULL, NULL, NULL, NULL, NULL, '2022-04-12 05:39:56', NULL, '3274 Dickens Heights\nNorth Sydnieburgh, NJ 59072', '1-380-805-1616'),
(204, 'Dr. Kobe Blanda II', 'lesley41@wiegand.info', 'User', NULL, '$2y$10$p.xEIRi6L7cpFQyhi9xIheADlm7qW6l5RpZC2CtaBInuJFcEW6mZ2', NULL, NULL, NULL, NULL, NULL, '2022-04-11 19:51:22', NULL, '475 Bartoletti Parks Suite 484\nCorneliusmouth, NE 61069-4004', '1-540-994-4768'),
(205, 'Prof. Coby O\'Connell', 'colleen.friesen@yahoo.com', 'User', NULL, '$2y$10$H8i3zPfuu4YI37GU8SfdTewiEeGZ5EKjJjKFCHHBLxxougwbIQoQu', NULL, NULL, NULL, NULL, NULL, '2022-04-11 07:58:29', NULL, '28704 Bartell Manor\nEast Julietmouth, WV 89139-2267', '1-530-216-3795'),
(206, 'Mr. Caesar Waelchi', 'donna.johnston@wuckert.com', 'User', NULL, '$2y$10$1oEc4mWr.2kHrT4nlwZqve7RAZgHaVGx.kwzv4KIeqDAxfmh2uADW', NULL, NULL, NULL, NULL, NULL, '2022-04-10 19:42:53', NULL, '3101 Jaskolski Drives\nWest Linwoodhaven, MA 84930-2803', '+1-248-375-8148'),
(207, 'Miss Eda Mueller', 'akozey@runolfsson.com', 'User', NULL, '$2y$10$ka6b3vAI.hYlKXYeOweJjeaHs2tlD7o5xPhMmKwCt0X9j.TCfffzO', NULL, NULL, NULL, NULL, NULL, '2022-04-10 13:51:54', NULL, '377 Predovic View\nPort Destiniborough, OK 89282', '(251) 951-2048'),
(208, 'Callie Murazik', 'rheller@beahan.org', 'User', NULL, '$2y$10$vvXvg8nucUDdnj49Kqy3weSRi4VxICuweOhGjZo8pRRh/uFjFLF1i', NULL, NULL, NULL, NULL, NULL, '2022-04-12 04:21:15', NULL, '508 McGlynn Underpass Apt. 271\nBartonborough, KS 16964', '910-394-2281'),
(209, 'Allan Weissnat', 'ohara.elena@bechtelar.com', 'User', NULL, '$2y$10$6nM7P6VQGcgCRwlMyHFhW.LxWdZKeAR1RjZCoDIiQSr4GLTJBYnP6', NULL, NULL, NULL, NULL, NULL, '2022-04-10 16:52:38', NULL, '951 Paula Turnpike\nAmirchester, FL 11227', '+17404200329'),
(210, 'Vergie Anderson', 'littel.bruce@koepp.net', 'User', NULL, '$2y$10$u5OxYkQH57SJdU3oo4uJVeJWwQz5tMzA2M6VCwSleLybtUq.atUz6', NULL, NULL, NULL, NULL, NULL, '2022-04-10 12:07:20', NULL, '6772 Billy Brook Suite 749\nToychester, CO 10913-6474', '1-239-591-6299'),
(211, 'Kylie Schmitt MD', 'zlabadie@hotmail.com', 'User', NULL, '$2y$10$Eun7zg3HC2uFaW0l66Yc5.U4el/nqkhN4kSI7g5gWue0y/3OddWqG', NULL, NULL, NULL, NULL, NULL, '2022-04-11 18:53:07', NULL, '268 Tyrel Ridges Apt. 887\nSouth Carrie, IL 81459', '+13052254529'),
(212, 'Mr. Fausto Wisozk IV', 'gerardo.oconnell@yahoo.com', 'User', NULL, '$2y$10$yuaIol5DafRTTdrAg55FOe0P0ZHftSdGsECWTEacIFub6MLUOnGSW', NULL, NULL, NULL, NULL, NULL, '2022-04-10 13:30:57', NULL, '65971 Roob Vista\nHowelltown, DE 33323', '848-754-2896'),
(213, 'Gilbert Shields', 'fcummings@yahoo.com', 'User', NULL, '$2y$10$gqoy.1fvKq6qLA2TDjB7neutkpoIdK0xcdASBm7XnIqulI4SfGFkC', NULL, NULL, NULL, NULL, NULL, '2022-04-10 13:47:48', NULL, '8026 Auer Branch Suite 883\nEast Winifredstad, OH 65389', '+1.804.777.7523'),
(214, 'Eloisa Thompson', 'johnston.randal@wyman.info', 'User', NULL, '$2y$10$zLPwrtyIUCX9YaqG8YXoZuL6TBPcDaNBKK2rFM.a.WZnmZsEk5jU2', NULL, NULL, NULL, NULL, NULL, '2022-04-11 02:20:45', NULL, '6455 Edwin Canyon\nLeschville, AZ 09749-4702', '1-928-555-4460'),
(215, 'Dedric Pfeffer', 'lynch.marie@hotmail.com', 'User', NULL, '$2y$10$eoHBu7Zhab4MiJLDebU7s.GkqsTWCrdVG8anQx7knbQXYb.yEd9D2', NULL, NULL, NULL, NULL, NULL, '2022-04-11 23:36:31', NULL, '732 Jaskolski Heights Suite 362\nTorpfurt, MN 99190', '913-527-7162'),
(216, 'Marilyne Labadie DDS', 'neichmann@gmail.com', 'User', NULL, '$2y$10$t3gnvOsxSgD5Y2U/9Yvu0uNLA249Io5GlQ.i0H50I1Bm33SQFX/AW', NULL, NULL, NULL, NULL, NULL, '2022-04-10 20:48:57', NULL, '3317 Kelley Flat\nHermistonborough, TN 71324-1666', '754.924.3264'),
(217, 'Prof. Antonietta Denesik MD', 'wyatt.collier@upton.com', 'User', NULL, '$2y$10$/FAkvCdTbJaf382YHuXzleZgQXX3wcZf8EOGT42XZl8T2vaVI0C1m', NULL, NULL, NULL, NULL, NULL, '2022-04-11 05:24:58', NULL, '5050 Leannon Glens Apt. 935\nPort Skylar, ME 83217-8402', '+15204902919'),
(218, 'Elena Wolff', 'kristina66@zieme.com', 'User', NULL, '$2y$10$MWhMUszOB3iBaXfC1WmHNemx2GJooZPnP/Pda74nrv1QstQ6O9b9K', NULL, NULL, NULL, NULL, NULL, '2022-04-12 01:36:14', NULL, '11872 Lebsack Motorway Suite 988\nSouth Tristin, OH 81180', '541-310-2964'),
(219, 'Bethany Oberbrunner', 'rod19@greenholt.com', 'User', NULL, '$2y$10$Xe8wUJqCJP.cQNI3PGoONOnEVtWoOp7aSOSiP45mtSKO0dIseRz5W', NULL, NULL, NULL, NULL, NULL, '2022-04-10 07:40:34', NULL, '84198 Louie Drive Suite 064\nNew Diamondborough, DE 48296', '660-335-8311'),
(220, 'Keon Keeling', 'emard.pierce@prosacco.biz', 'User', NULL, '$2y$10$/eF5yE7aHjX8puAkSB.c/.WD784gPq5VDhjCDTH/VLR2vpGB1Y2t6', NULL, NULL, NULL, NULL, NULL, '2022-04-10 12:28:48', NULL, '4645 Verda Underpass Suite 867\nHyatthaven, WY 08251-9256', '747-935-9458'),
(221, 'Guiseppe Grimes', 'mavis20@hotmail.com', 'User', NULL, '$2y$10$JljpVqQ2ZSsY7.x2YMyE0Or2cmdwVeuwhz.JiVW2livtRPaBJmRsC', NULL, NULL, NULL, NULL, NULL, '2022-04-10 10:19:50', NULL, '1682 Johnpaul Rapid\nNorth Katherinechester, DC 15614-9218', '571-961-1153'),
(222, 'Emmanuelle Mohr IV', 'jessie93@lakin.net', 'User', NULL, '$2y$10$CGCfluY5aamGiPmfyM97TOsgC4cEwxTJ9OkrM55i6v6aAk8pi10Ne', NULL, NULL, NULL, NULL, NULL, '2022-04-11 16:34:20', NULL, '3185 Glover Court\nImamouth, NE 12136', '+1-872-379-3937'),
(223, 'Miss Maxie Trantow III', 'shaylee.collins@lesch.com', 'User', NULL, '$2y$10$MHpWhRRSgNocfvZjeSbeLe4lCWF6nGhNKOmu7klRrbur2CycbQq5C', NULL, NULL, NULL, NULL, NULL, '2022-04-11 08:19:25', NULL, '477 Jenkins Tunnel Suite 019\nZitaborough, IL 08495-8987', '1-772-439-8164'),
(224, 'Loraine Stamm III', 'florida47@gmail.com', 'User', NULL, '$2y$10$YpQmr6KjVIZdj2ri9kRMo.Fhw80OSmdV4mERxBG7/0bCquWMUZ3ha', NULL, NULL, NULL, NULL, NULL, '2022-04-11 22:35:36', NULL, '464 Percy Terrace\nNew Aliceton, VA 82568', '+1 (574) 384-3752'),
(225, 'Pink Towne', 'mueller.jaren@hotmail.com', 'User', NULL, '$2y$10$KsptMjj3Yi7iKvLUPQce2uVWVzchMh1u50yfFvomakuz44eUV/fo2', NULL, NULL, NULL, NULL, NULL, '2022-04-10 20:30:21', NULL, '44343 Davis Freeway Apt. 506\nNorth Gilberto, ND 51927-2920', '+1-786-955-1352'),
(226, 'Shania Cruickshank', 'kunze.mozell@hotmail.com', 'User', NULL, '$2y$10$/30mIbaBaJ/42wuafrrOV.25D11NvWReweYn9fNfwy1AT0H6jxnny', NULL, NULL, NULL, NULL, NULL, '2022-04-12 05:55:58', NULL, '42389 Candida Pine\nWest Wilhelminechester, NV 52478', '240-963-1880'),
(227, 'Noemy McClure', 'destany.koss@yahoo.com', 'User', NULL, '$2y$10$8iYoCZ5vwNphOqQC2rKkQeCDQ0aVp3uezkgSg/dUb34atmrdIq1Sa', NULL, NULL, NULL, NULL, NULL, '2022-04-11 01:58:00', NULL, '3471 Zackery Forks Suite 977\nPort Myrtis, FL 13965-6979', '862.372.0817'),
(228, 'Kari Mosciski', 'antwan.kuphal@howell.com', 'User', NULL, '$2y$10$aTqLPwHIOCzXqBI.hoVkoO/Dd0PnR8pO.OT8wAJuJJFNPxEujSX/.', NULL, NULL, NULL, NULL, NULL, '2022-04-11 15:30:53', NULL, '441 Bergstrom Grove\nLake Robbie, DC 41293', '(531) 864-1081'),
(229, 'Rosalee Lindgren', 'hilbert.harber@klein.com', 'User', NULL, '$2y$10$71H0uT2CThbn3BztkcnyReofx/Sqqlb6S0Z1mN5ziJ7iVq7Bx4ZHy', NULL, NULL, NULL, NULL, NULL, '2022-04-10 16:47:33', NULL, '1918 Afton Harbors Apt. 947\nSouth Hillaryside, WV 69253', '307.482.1388'),
(230, 'Emilia Schuster', 'bret.shanahan@keeling.com', 'User', NULL, '$2y$10$VcGDawr84ka2G2W7KSHqWu9Mx4cGZzn4DQhi77PFxa5neqTJof89.', NULL, NULL, NULL, NULL, NULL, '2022-04-11 22:04:06', NULL, '429 Jeffrey Points Apt. 856\nNew Ollie, WY 29252', '+14794315133'),
(231, 'Marty Oberbrunner', 'murl28@hotmail.com', 'User', NULL, '$2y$10$xUJ7GjGalTl884AXv3DCTejt2jy/.7JPJr5kqZ6Yf414uf0i2xuzy', NULL, NULL, NULL, NULL, NULL, '2022-04-12 05:06:11', NULL, '91441 Hudson Valleys Apt. 763\nAdeliamouth, NY 33791-7865', '1-862-684-5453'),
(232, 'Mrs. Carley Hahn', 'sean13@brakus.biz', 'User', NULL, '$2y$10$/hHscX/sDsPi/9k34YnvaeVHO7TDBKMzf3kPRG1NvEWgXkA5o3RPC', NULL, NULL, NULL, NULL, NULL, '2022-04-10 07:51:01', NULL, '8665 Gonzalo Fort\nHammesshire, NM 89854-5500', '563.948.2101'),
(233, 'Prof. Francis Erdman', 'lou87@hermann.com', 'User', NULL, '$2y$10$MBlDKJL4zLJnvyx2pZg/suviG81bYN7ZOLsyQhtpN2PqeM21GPUv2', NULL, NULL, NULL, NULL, NULL, '2022-04-11 19:45:51', NULL, '177 Runolfsdottir Passage Suite 827\nLake Fausto, SD 15152-8756', '(212) 971-5390'),
(234, 'Mr. Milo Upton DDS', 'alena72@hotmail.com', 'User', NULL, '$2y$10$ZWyxWtbzwqOTTcKDe71Cn.9fj5bnVtOoxE/chNL1.o/OGFL7BsnOG', NULL, NULL, NULL, NULL, NULL, '2022-04-11 01:44:52', NULL, '29886 Vernice Isle Suite 594\nPort Carolynemouth, TX 98190-5694', '1-412-805-2606'),
(235, 'Prof. Parker Herzog', 'ansel.boyle@jacobi.biz', 'User', NULL, '$2y$10$9gXbPT0ETXMup6CEyT4XEO0reTodIxUxBv4jcEY65rkeljo/Noy1.', NULL, NULL, NULL, NULL, NULL, '2022-04-10 16:14:19', NULL, '3971 Vandervort Hill Suite 849\nKuvalisside, MT 49614', '832.952.3789'),
(236, 'Sylvan Rodriguez', 'konopelski.matilda@nicolas.com', 'User', NULL, '$2y$10$RDph3ITZQ1r656v/iTJpb.pZ9dyecc6v3fwsDyY06R9Klh5GEH3je', NULL, NULL, NULL, NULL, NULL, '2022-04-11 03:00:45', NULL, '696 Simonis Trail\nWest Helen, DE 57941', '260.970.6273'),
(237, 'Anabelle Heller', 'zveum@gmail.com', 'User', NULL, '$2y$10$W5pgN4I1SsPvNrXDQiQpsuSsEAC/KnBCNZmDIRemRrWinpOmW708m', NULL, NULL, NULL, NULL, NULL, '2022-04-11 11:57:39', NULL, '45493 Rachael Dam\nWest Cecilmouth, MA 09341-5786', '321.437.7321'),
(238, 'Keara Reynolds', 'braun.marco@koelpin.com', 'User', NULL, '$2y$10$BxoCMsAn5ywVZLg8C3VhJuehV34pKQCFarKrD8Ceb.7g55ltZtiJu', NULL, NULL, NULL, NULL, NULL, '2022-04-12 06:05:58', NULL, '66102 Anderson Rest Apt. 685\nNorth Maegan, UT 21580-8769', '1-346-999-0117'),
(239, 'Kasey Friesen', 'hilton46@hotmail.com', 'User', NULL, '$2y$10$jOIh3270ty/2TG0MIbm2Ne8bSTHZz4VqLu9QovIhyvIqPRAUPyPl2', NULL, NULL, NULL, NULL, NULL, '2022-04-12 01:38:08', NULL, '781 Wiza Lane Suite 703\nKshlerinberg, FL 60776', '630-345-3046'),
(240, 'Hazle Padberg', 'shannon54@yahoo.com', 'User', NULL, '$2y$10$bivkqGyycU.AaCmjS6bhN.tjVbm/PoHsXXwNH9/3ZsmN2sYaEJMt2', NULL, NULL, NULL, NULL, NULL, '2022-04-11 21:12:48', NULL, '813 Georgianna Squares Suite 745\nO\'Connellview, NJ 56027-1198', '(857) 382-2500'),
(241, 'Shayne Bode', 'rosenbaum.aleen@smitham.com', 'User', NULL, '$2y$10$KgNSh4iO5AYB9u3DLH5.Z.1JQXZDTwIpUfELtsBW7CSywN.xtxRyK', NULL, NULL, NULL, NULL, NULL, '2022-04-11 18:54:37', NULL, '25104 Rodrick Rue Apt. 650\nLake Javon, WA 26690-9065', '(786) 885-4312'),
(242, 'Mr. Emile Stark', 'carrie37@hotmail.com', 'User', NULL, '$2y$10$eQAVyvHZ0Ab2sYC0QjGn9Ozd3fQ5cWY.5bjqV6MwL1LKYPhXQ8ebi', NULL, NULL, NULL, NULL, NULL, '2022-04-10 08:55:48', NULL, '6193 Graham Creek Apt. 506\nHarveyfort, KS 26424-9953', '320.367.7181'),
(243, 'Ocie Jacobson', 'dusty49@goyette.biz', 'User', NULL, '$2y$10$J23JYsbxcQfwXsr/tMs53OvSgQuD7Jr/Y0vEU1PjIwIXHz8nxh7QG', NULL, NULL, NULL, NULL, NULL, '2022-04-12 03:15:19', NULL, '13418 Friesen Mountain\nPort Nicholaus, NJ 09654', '+1 (754) 573-6547'),
(244, 'Ellen Bashirian', 'emmalee.kassulke@yahoo.com', 'User', NULL, '$2y$10$f5FDZ9mUxCgkYCBtdCLxcepkJPOC2FKnertlGwW7.OvC6dPg0CGBa', NULL, NULL, NULL, NULL, NULL, '2022-04-10 23:44:48', NULL, '1844 Murray Loaf Apt. 351\nNew Danniebury, ME 66297', '+1-737-433-7936'),
(245, 'Jeremie Collier V', 'ward.dangelo@yahoo.com', 'User', NULL, '$2y$10$CIMQ33Qfxoy5edTLVzuSa.zMHLo4eLmSVEFzPSEjgeE/aFnP31N3m', NULL, NULL, NULL, NULL, NULL, '2022-04-11 20:34:42', NULL, '428 Mitchell Pass Suite 464\nAdrienburgh, NE 13736-1747', '1-973-314-5883'),
(246, 'Hellen Legros', 'ohill@herzog.net', 'User', NULL, '$2y$10$0XQH8Bhg9/.XKckweSfzUuR.GMA.RYW1QIAut5p4Qs/W1hmQ1Xq/q', NULL, NULL, NULL, NULL, NULL, '2022-04-11 22:18:15', NULL, '55878 Aron Parkways Suite 221\nReganstad, IA 21277', '(817) 629-5867'),
(247, 'Princess Wilkinson', 'linnie39@hotmail.com', 'User', NULL, '$2y$10$vyPfgqhYcDGFPqV1rzN0JuXxA.EBGYzU6/y2fPCvZz7maBQy4dgvm', NULL, NULL, NULL, NULL, NULL, '2022-04-11 14:28:09', NULL, '6678 Alisha Vista\nEast Ozella, NM 94465', '+1 (757) 373-0189'),
(248, 'Harmon Gerhold', 'yemmerich@simonis.net', 'User', NULL, '$2y$10$Bghga3doPKBxQ98NupfvVemdq9Ps3sM4ViBRXLiDEVPphhqlQwfiy', NULL, NULL, NULL, NULL, NULL, '2022-04-11 23:30:34', NULL, '946 Hahn Valleys\nQuitzonshire, OH 76683-9131', '1-606-677-7473'),
(249, 'Minnie Bernier', 'zulauf.marianne@yahoo.com', 'User', NULL, '$2y$10$OoTXOHCFR08kAwRCcuF4eOwoS7jzR1PI/aTiFrdyWjOpoKrMJFdMa', NULL, NULL, NULL, NULL, NULL, '2022-04-10 19:15:10', NULL, '9788 Kaylah Trail\nWest Alyce, VT 55265', '(224) 632-1959'),
(250, 'Jenifer Ruecker', 'pschultz@hagenes.com', 'User', NULL, '$2y$10$p2n2eI62U1DUUCAtAY.W.OpAFpJBCrCIQpr6LGO3NSpZ4Dz5IiZU.', NULL, NULL, NULL, NULL, NULL, '2022-04-10 23:29:42', NULL, '26769 Kling Junction\nVedafort, MI 61123', '+1-843-556-5787'),
(251, 'Jasmin Johnston', 'homenick.marianna@gmail.com', 'User', NULL, '$2y$10$BWu/.cfI3FhiA0BT0LwEv.g9UPKhNyzfLvwLaijxZanGENYQJV0nm', NULL, NULL, NULL, NULL, NULL, '2022-04-10 06:35:06', NULL, '96377 Shields Alley Suite 683\nLefflerburgh, IN 86828-1540', '+1 (934) 237-8675'),
(252, 'Johnathon Hahn', 'trace50@yahoo.com', 'User', NULL, '$2y$10$23JfalLmRmlJXpPcRCgXi.AtRvO54SAkMSf5ausP/t1yF9GGNQ1cm', NULL, NULL, NULL, NULL, NULL, '2022-04-11 18:02:11', NULL, '92335 Brenden Station\nLarsonburgh, ME 27721-0921', '(660) 945-1805'),
(253, 'Julio Schneider', 'fritz.baumbach@gmail.com', 'User', NULL, '$2y$10$78ZAVHXt/7N7Ga9WQbTSyukmzctGl1ODYbZPpg2rkPE4QWO7fvNOy', NULL, NULL, NULL, NULL, NULL, '2022-04-11 23:54:13', NULL, '390 Kennith Ford Apt. 375\nLakinburgh, OH 06782-7429', '1-281-212-9902'),
(254, 'John Swift', 'yullrich@wunsch.net', 'User', NULL, '$2y$10$THD88hPrzAGYT5Ejs19mRenIKi1Pr4PaUjlAHsoyzh3JkJJRJOAxW', NULL, NULL, NULL, NULL, NULL, '2022-04-11 23:46:38', NULL, '777 Harvey Passage\nNorth Murlport, AZ 10601-0804', '1-913-232-8337'),
(255, 'Geovanni Wunsch', 'hertha.kuphal@sporer.com', 'User', NULL, '$2y$10$rlJW9xYmcRab4rrTPzlCJOJ/lamdzHrXvBoR0BV2.mP7gkB9b3.i6', NULL, NULL, NULL, NULL, NULL, '2022-04-11 00:45:11', NULL, '13241 Berenice Brook\nPort Rowan, NC 25317', '650.781.2286');
INSERT INTO `users` (`id`, `name`, `email`, `role`, `email_verified_at`, `password`, `two_factor_secret`, `two_factor_recovery_codes`, `remember_token`, `current_team_id`, `profile_photo_path`, `created_at`, `updated_at`, `address`, `phone_number`) VALUES
(256, 'Lloyd Lindgren', 'runte.orval@luettgen.info', 'User', NULL, '$2y$10$mIWadujCUsZsBYc2qjWu8ubJ/kOHG.xOW7RB37evD4RjHr7D2Rwf6', NULL, NULL, NULL, NULL, NULL, '2022-04-10 13:43:00', NULL, '91866 Mosciski Gateway\nChadrickside, WA 91655-4093', '229-533-5032'),
(257, 'Prof. Brayan Considine', 'sierra.lockman@hotmail.com', 'User', NULL, '$2y$10$jGEndiHvMgc1o4DxcTii7O5iws4fQ55jMw/TIAD9VLxDx27HLhxoa', NULL, NULL, NULL, NULL, NULL, '2022-04-11 18:23:06', NULL, '649 Isaac Stream Apt. 742\nRunolfssonside, ND 68559', '+1-929-560-7195'),
(258, 'Dr. Avis Labadie I', 'milo.stanton@yahoo.com', 'User', NULL, '$2y$10$7Zduf0t0ovp0VlOXlp8vMeY2fqAYNBc/QJwK89hcjMlVijEcftr.G', NULL, NULL, NULL, NULL, NULL, '2022-04-12 01:07:07', NULL, '8544 Pink Fork Apt. 697\nHowellton, KS 60739', '442-381-3358'),
(259, 'Mrs. Mylene Stehr', 'randal.gleichner@berge.com', 'User', NULL, '$2y$10$IHYZkTHGjGNOPIL0B/W5.eHdXH6.GQfFphLPervQ7lBW4kgr/APe.', NULL, NULL, NULL, NULL, NULL, '2022-04-11 12:31:13', NULL, '65061 Little Lodge Apt. 810\nTremblaystad, NJ 43644-3589', '+1 (458) 953-6434'),
(260, 'Douglas Kassulke', 'casey30@hotmail.com', 'User', NULL, '$2y$10$BRrge2V8M3Nyw6zEWYv9BenfULsoP9y0q8YBjl931/ZncRnf3HIqq', NULL, NULL, NULL, NULL, NULL, '2022-04-11 17:28:32', NULL, '89027 Schoen Lake\nNorth Ludwigshire, NH 70440', '+1.463.321.1604'),
(261, 'Hallie Shields II', 'arosenbaum@heaney.com', 'User', NULL, '$2y$10$psl1Kg9qYJkYwnpMmVxb5.O2Pbzbajy7DfBwTzdN52mVIxgBaR69O', NULL, NULL, NULL, NULL, NULL, '2022-04-10 17:08:42', NULL, '760 Dejuan Hollow\nLefflerview, CO 42419-4011', '+1-283-735-1629'),
(262, 'Raymundo O\'Hara', 'albin57@gmail.com', 'User', NULL, '$2y$10$.HbWtEBMM3OKSxeqMNDIu.IJ0pnzIPyxmyqSWGbwtN4FOOMGjtvdG', NULL, NULL, NULL, NULL, NULL, '2022-04-11 00:03:34', NULL, '671 Claudine Heights\nHaskelltown, NV 80165-8221', '415.226.0216'),
(263, 'Mrs. Isabel Walsh V', 'sgulgowski@miller.com', 'User', NULL, '$2y$10$5Dyzdox4Ve/T9P5KqSLxYOMXzqaTlIxV6y28ENmCnSYvE6Ymtg9tS', NULL, NULL, NULL, NULL, NULL, '2022-04-11 15:30:51', NULL, '685 Bruen Center\nLilianaview, SD 49784', '628-825-3817'),
(264, 'Treva Terry', 'harmony53@yahoo.com', 'User', NULL, '$2y$10$jFh/.Nbi5rYPboeWcbuXTOlzDKoOPL2foxxEwmbaINKeMxPj8zjc6', NULL, NULL, NULL, NULL, NULL, '2022-04-11 15:05:00', NULL, '931 Turner Skyway\nLueilwitzmouth, WI 53649-8897', '(224) 930-1427'),
(265, 'Savion Pollich', 'lemke.rollin@hotmail.com', 'User', NULL, '$2y$10$zmZZPaIVm5NCKAGOqoUOdOdBrvXjys62Ibd06vh8lZdgMmP./cCy2', NULL, NULL, NULL, NULL, NULL, '2022-04-10 17:46:17', NULL, '16409 Enrique River\nNorth Grantville, NH 81151', '630.576.6567'),
(266, 'Chance Dickinson', 'gladyce31@hotmail.com', 'User', NULL, '$2y$10$buzh/Cd3vZtz6Qm1cLZNQerB/kM1J6wx4qQE3KRCaIvJDsjobt8m2', NULL, NULL, NULL, NULL, NULL, '2022-04-11 19:46:50', NULL, '4883 Weimann Ramp\nNew Svenville, HI 66632', '385-612-5622'),
(267, 'Wilford Smith', 'haven71@hotmail.com', 'User', NULL, '$2y$10$X2uDybySVnPBo2VMF/Ijeun4XkQyU/tzPBNuMwJa0enoznXM.Te0y', NULL, NULL, NULL, NULL, NULL, '2022-04-10 07:42:12', NULL, '2364 Rossie Harbor\nJoelton, NJ 80960', '(281) 802-5007'),
(268, 'Darwin Sawayn', 'ycassin@yahoo.com', 'User', NULL, '$2y$10$DC7MQaOSjgp5bmQ8x0joV.wGruSr1W1m69TdYjrquupa60kQlEHpu', NULL, NULL, NULL, NULL, NULL, '2022-04-10 09:47:04', NULL, '857 Prosacco Rapid Suite 050\nBiankafort, MN 91860', '872-365-0496'),
(269, 'Shayna Predovic', 'ehills@oreilly.com', 'User', NULL, '$2y$10$bxdJ3ntOpPBq6hXEdrD4lOyLDVy3t.NFaX.PaE4nF8d.i0xXSbCm.', NULL, NULL, NULL, NULL, NULL, '2022-04-11 13:28:12', NULL, '5027 Payton Camp Suite 551\nSouth Eugenemouth, TX 32697', '+1 (938) 233-6239'),
(270, 'Destany Ledner IV', 'scot.crona@gmail.com', 'User', NULL, '$2y$10$wE5j9eUFiW1FHUvA9kxReObesaAgkNuTMIE2QISbgKWr2wcW0Fh..', NULL, NULL, NULL, NULL, NULL, '2022-04-10 18:25:56', NULL, '1934 Cremin Port Suite 502\nColestad, MA 31136', '(757) 872-1847'),
(271, 'Mike Kutch', 'jaiden19@gmail.com', 'User', NULL, '$2y$10$TU1bHS4arDFepjdZ97c57Oitzc4goKk0uRjSryqhTYkkeMGmIJbM6', NULL, NULL, NULL, NULL, NULL, '2022-04-12 06:09:08', NULL, '3395 Okuneva Hollow\nMarksmouth, ME 93181-7072', '817-718-6483'),
(272, 'Clint Kerluke IV', 'mstoltenberg@hotmail.com', 'User', NULL, '$2y$10$ETSMEUyZksBw.7oDGWdXz.sreQseGwerwNieVU59Xm/lh3ubxqkna', NULL, NULL, NULL, NULL, NULL, '2022-04-11 08:07:44', NULL, '41478 Kuhn Valleys Suite 259\nHarberland, IL 56440-2317', '858.709.0640'),
(273, 'Reese Bechtelar', 'akiehn@kuhlman.com', 'User', NULL, '$2y$10$G2pmKXVYDFzQSJfIlryr.ODUeOJ3atzZaEjkpLv8XAczo20.ArSWa', NULL, NULL, NULL, NULL, NULL, '2022-04-10 12:31:47', NULL, '499 Destinee Cove Suite 363\nDorthystad, SD 53144-7816', '+1-213-524-0923'),
(274, 'Luis Weissnat', 'tdaugherty@hotmail.com', 'User', NULL, '$2y$10$Dsn59eMFAL5weAcKRZlRCua7v3Kob63/m1u1hybv2qiPNl3XZRoFu', NULL, NULL, NULL, NULL, NULL, '2022-04-10 07:08:04', NULL, '3757 Neva Mountains\nLeanneport, OR 29400', '(475) 602-9725'),
(275, 'Janie Bergstrom', 'giles94@homenick.com', 'User', NULL, '$2y$10$qbLG4jsHuoKLsfYbLSBkv..Y0F/ZKQ884l92FX64NGVwVT9ed5d86', NULL, NULL, NULL, NULL, NULL, '2022-04-10 10:31:57', NULL, '61511 Miller Point\nWest Ericka, KY 53359', '(276) 871-6944'),
(276, 'Shane Howell', 'coty79@yahoo.com', 'User', NULL, '$2y$10$j1YshBxKKfOSN8slQP6G0.tcaEwPOsLZZSBdkVKEKfhdirh0sBKkS', NULL, NULL, NULL, NULL, NULL, '2022-04-11 14:40:28', NULL, '631 Judy Flat Suite 266\nSouth Emerson, IL 98733', '+1 (479) 238-8298'),
(277, 'Mr. Greyson Koepp II', 'altenwerth.marco@weber.com', 'User', NULL, '$2y$10$RZ1Q02gQ4iTH4yTJRA3inunrctsMyn8Imf7CFaR1jFukFnZC87zdG', NULL, NULL, NULL, NULL, NULL, '2022-04-11 08:04:22', NULL, '3077 Morissette Isle\nWest Hassie, DE 72908', '1-772-841-2447'),
(278, 'Gonzalo Swift', 'colten36@shields.net', 'User', NULL, '$2y$10$O5c2I8dF2R4k2MY6iKpGTegI7lcmY1XYBVqYxWrSw/AGqDNMICiIG', NULL, NULL, NULL, NULL, NULL, '2022-04-11 15:26:07', NULL, '61030 Hamill Keys Apt. 035\nNikolasburgh, NM 17543-0997', '540.567.7406'),
(279, 'Amos Waelchi', 'samara.effertz@king.com', 'User', NULL, '$2y$10$JwkGaDW3VHCGxsIcRMG9ne2ipE.1Rabzn6etamgtTkiPrCj/vqhX6', NULL, NULL, NULL, NULL, NULL, '2022-04-10 22:07:35', NULL, '72200 Simonis Parkways\nNew Tobyhaven, MA 05696-0646', '(872) 742-9860'),
(280, 'Josue Reichert', 'lilyan.skiles@jacobs.net', 'User', NULL, '$2y$10$6hej6.Oq02t8WLdMXI0I4O9sSnPpp8Xk/dRrfNSVkwqI72JKrM9d6', NULL, NULL, NULL, NULL, NULL, '2022-04-10 17:57:29', NULL, '47337 Sporer Throughway Suite 885\nNew Christown, OK 68514-5520', '+1 (734) 481-8080'),
(281, 'Manuel Marvin', 'bayer.rosalia@hotmail.com', 'User', NULL, '$2y$10$30OyOrJonNYSlijT1W0O1OnFbvdXNIvrNCpcxyxHXHo1MfoDSRiqe', NULL, NULL, NULL, NULL, NULL, '2022-04-11 18:38:45', NULL, '81707 Britney Ridge Suite 976\nSouth Marshallfurt, CO 71965', '+1.931.262.8463'),
(282, 'Grant Jones', 'whauck@yahoo.com', 'User', NULL, '$2y$10$wo06GMX.KDt/du/IhaYRYebUPQal5XxtTmpZmhG6DBD1e0CLmC1kS', NULL, NULL, NULL, NULL, NULL, '2022-04-10 08:43:09', NULL, '83360 Thompson Mountains Apt. 669\nMarquardtport, WV 84826', '1-503-620-7119'),
(283, 'Miss Rylee Sawayn', 'einar.veum@gmail.com', 'User', NULL, '$2y$10$97Lw44tq5ir9cocMcrrneOqPNJgfd.tkF2tGSJVeHhwM89gHlMRCC', NULL, NULL, NULL, NULL, NULL, '2022-04-11 12:03:07', NULL, '158 Malcolm Forks\nNew Brannon, ND 94748-3635', '1-520-830-5744'),
(284, 'Dr. Mayra Aufderhar', 'cullen.armstrong@frami.com', 'User', NULL, '$2y$10$XTbqaklqnjL9B/MI6Kv3P.0L6zrlEkvj/itJiWBTb2Gs/eZW20H6O', NULL, NULL, NULL, NULL, NULL, '2022-04-11 02:52:16', NULL, '692 Adrianna Keys\nLake Braulioside, VA 06706-0764', '(341) 317-7060'),
(285, 'Gerhard Quitzon', 'ischaden@feil.com', 'User', NULL, '$2y$10$WDjZYIwhRroMxp68.g3pc.DeO08wTYftviglZ58WmvyEzDtXGqNci', NULL, NULL, NULL, NULL, NULL, '2022-04-10 10:32:21', NULL, '5005 Dorthy Pike Suite 076\nLeschstad, CT 27055-6063', '803-756-3261'),
(286, 'Vergie Jast', 'vhuel@kutch.com', 'User', NULL, '$2y$10$t7.KTFon374fdIo9lIAyBuOhf92cv5D3BbPb.K.Fyqh2yZ.NYwPTG', NULL, NULL, NULL, NULL, NULL, '2022-04-10 16:17:42', NULL, '49283 Roob Cliffs Apt. 705\nEast Fernando, IA 54723', '+1-301-959-0255'),
(287, 'Matilda Gulgowski PhD', 'carole.heathcote@hotmail.com', 'User', NULL, '$2y$10$OtqUCJtD10d3qZrXI12WCOPhzUijq8/cr1HqvKczR.kbnIyO5fPzW', NULL, NULL, NULL, NULL, NULL, '2022-04-10 18:42:49', NULL, '43897 Kristofer Club\nPort Rashadfort, NJ 04382-1061', '+14323920523'),
(288, 'Dr. Jacky Lemke', 'polson@gmail.com', 'User', NULL, '$2y$10$EICEs3OuGiSZybVL007MguQODzGZ/hSP5r3DlmDt6/chh6tBLvHtm', NULL, NULL, NULL, NULL, NULL, '2022-04-10 18:19:50', NULL, '907 Hermiston Greens Apt. 846\nRicehaven, DC 32373-7095', '1-585-356-5327'),
(289, 'Lora Carroll', 'jackeline82@reichel.com', 'User', NULL, '$2y$10$gr3Y5xAEP6vQWQEajWbaPeANfWLAPSRY2bZecuuIjUKa4DIihPgne', NULL, NULL, NULL, NULL, NULL, '2022-04-12 00:57:32', NULL, '1383 Dolores Stream\nEbonyland, PA 54481-5228', '310-463-3210'),
(290, 'Sim Rau', 'dedrick.murazik@gmail.com', 'User', NULL, '$2y$10$QBjJshsH0QNWqPU5w4fKVeZJzGXkQBArA9C0437buZ8Ztdip5wxXW', NULL, NULL, NULL, NULL, NULL, '2022-04-11 01:46:24', NULL, '7006 VonRueden Islands\nPort Emery, IN 26688-9586', '(320) 790-0334'),
(291, 'Dr. Bailey Ebert', 'akerluke@haag.com', 'User', NULL, '$2y$10$zcLsgQrGUTO.9YJPZL3ctu3vpGerDrtSKgu8AhXb3.OaPZcrkwRoC', NULL, NULL, NULL, NULL, NULL, '2022-04-10 12:06:37', NULL, '546 Millie Wall Apt. 036\nNorth Billie, DE 80940-2443', '+1 (458) 925-2547'),
(292, 'Prof. Kaya Hermiston DDS', 'bweissnat@ledner.biz', 'User', NULL, '$2y$10$LCnJpFNYHGlOd5Ho3x2JbuRNu0DwUyhmm3s/2WeRwXPOKWI9flJ/W', NULL, NULL, NULL, NULL, NULL, '2022-04-10 10:24:48', NULL, '14824 Abshire Extensions\nHickleville, AZ 17369-0554', '1-205-658-0451'),
(293, 'Mr. Andres Okuneva', 'pwill@hotmail.com', 'User', NULL, '$2y$10$mjq4FMEOkAxf11vO1q4cce8q4PahhKJoDYS0YeA8t/1pU6x.pr1Pm', NULL, NULL, NULL, NULL, NULL, '2022-04-11 21:32:35', NULL, '5117 Fahey Dale Suite 926\nEast Carletonville, ND 58270', '734-749-2918'),
(294, 'Willard Bogisich', 'dhegmann@gmail.com', 'User', NULL, '$2y$10$ovGfwQP/xr4m6KRQ6XuHM.0pUE7n9OEEUIcYQaljC2wcaVBYVxOWG', NULL, NULL, NULL, NULL, NULL, '2022-04-11 08:09:53', NULL, '62410 Reichert Mill\nNew Sherwoodshire, MT 94296-1310', '+1.930.460.4612'),
(295, 'Vanessa Weissnat', 'josephine.durgan@hotmail.com', 'User', NULL, '$2y$10$BuekUuncgsms8euUcHddh.wcojLqk0mxTkQu7wAQB3cbDpOwnsgai', NULL, NULL, NULL, NULL, NULL, '2022-04-10 15:40:30', NULL, '94534 Gerlach Fall\nHermannton, LA 56535-8716', '(267) 852-2379'),
(296, 'Ted Lubowitz Sr.', 'dianna14@hotmail.com', 'User', NULL, '$2y$10$J86ODT3pKYUZ3LD/Rcv5t.d06fZEd5xScI0sphWhGq/WmYln73YEu', NULL, NULL, NULL, NULL, NULL, '2022-04-11 22:49:36', NULL, '43824 Kub Flats\nVolkmanbury, RI 19321', '+16603137401'),
(297, 'Arnoldo Emmerich', 'jazmin.langosh@hotmail.com', 'User', NULL, '$2y$10$zaw.LbnzxNRTCe63tS.2/OwZ9.qfXG2mcUDNoEsBLph58sYZpzE8y', NULL, NULL, NULL, NULL, NULL, '2022-04-10 15:17:21', NULL, '500 Upton Islands Apt. 716\nCortezside, WY 67201', '+13179157278'),
(298, 'Dr. Will Reynolds', 'wolff.quinton@lynch.com', 'User', NULL, '$2y$10$B7TAAh9SROxnVS631cybo.9HZbZmvn.HryiwyBjUTNCVtfZiTjGpW', NULL, NULL, NULL, NULL, NULL, '2022-04-10 23:52:42', NULL, '4066 Goldner Locks Suite 167\nLake Annabell, NE 74391-0446', '(704) 831-6860'),
(299, 'Beaulah Prohaska', 'kreiger.georgianna@wilkinson.net', 'User', NULL, '$2y$10$BgSFqedLEQKhH3j1c/kbh.SXZuFIbkkdL1Q.a4/aJNZmSSIliH16u', NULL, NULL, NULL, NULL, NULL, '2022-04-11 13:51:17', NULL, '384 Devin Shores\nBarrowshaven, MN 26785-7032', '(865) 237-6849'),
(300, 'Claire Welch', 'stiedemann.jon@okon.net', 'User', NULL, '$2y$10$emS7SK6kZvsVlgNNOOaYfOvdQUPSE2oxHtpiuwTo3OSLM8arvfLJy', NULL, NULL, NULL, NULL, NULL, '2022-04-10 07:10:33', NULL, '87341 Flo Extension Apt. 161\nEast Zackaryfort, NH 13071-9585', '1-732-279-7236'),
(301, 'Violette Eichmann', 'cartwright.georgette@gmail.com', 'User', NULL, '$2y$10$ybRKgrCoQeoGhA4rR7/qoeqcgBoyYOakMBXWlk00nJwe97uoSosYG', NULL, NULL, NULL, NULL, NULL, '2022-04-11 15:13:27', NULL, '9459 Gregoria Turnpike\nLake Eleonoremouth, SC 54554', '1-712-549-3867'),
(302, 'Mrs. Jackie Kovacek Jr.', 'stephania.schuster@lockman.org', 'User', NULL, '$2y$10$natIyCmSSj.wYsyTxN6mt.uIyG2eHAN5X6qcCcdZ9SOUDbBqX9gMy', NULL, NULL, NULL, NULL, NULL, '2022-04-11 03:49:15', NULL, '860 Cristina Flats\nEast Omermouth, DC 07372-4687', '1-225-644-0856'),
(303, 'Augusta Farrell', 'vwyman@gmail.com', 'User', NULL, '$2y$10$/uNEz4Sru76m8MVfMJPit.vtehjlLtAx19QvNU9EoMLKsHrUFSVOG', NULL, NULL, NULL, NULL, NULL, '2022-04-11 02:16:39', NULL, '9701 Schumm Shoals\nSouth Ferneview, MT 62836-6767', '(940) 317-6828'),
(304, 'Keshaun Adams', 'ardella.stark@hotmail.com', 'User', NULL, '$2y$10$XA3Q3dl.NjV9v.Ws6BIBCubM9LDdeqzXArtxq6r4y6eQe0w.jViGm', NULL, NULL, NULL, NULL, NULL, '2022-04-12 03:49:57', NULL, '3627 Flatley Cliffs\nLake Furmanshire, CA 11256-7097', '+14588979208'),
(305, 'Lavon Conn', 'emelie.konopelski@yahoo.com', 'User', NULL, '$2y$10$d5u0kqMQuoDb8aN1morD7.tuo42rMFjOIRdl51kJZesxJv6l13dK.', NULL, NULL, NULL, NULL, NULL, '2022-04-11 06:23:45', NULL, '2161 Prosacco Plains\nMarshallfort, TX 33733', '(646) 912-2334'),
(306, 'Maxie Hahn V', 'zetta48@hotmail.com', 'User', NULL, '$2y$10$ElzN7PeKRk3HCR8sGbPVr.g.xftpafBGmxe6Gap54QoVoMz.pqtQO', NULL, NULL, NULL, NULL, NULL, '2022-04-11 21:11:55', NULL, '177 Trinity Place Suite 882\nLake Sadie, KY 76061-5347', '(201) 561-9877'),
(307, 'Thurman Kessler V', 'anissa.altenwerth@collier.com', 'User', NULL, '$2y$10$AVjIzkCzrEiFPcIz8Di78eftnT3QfjCCGhNRuKcbNCAzDvF0CAyuS', NULL, NULL, NULL, NULL, NULL, '2022-04-10 10:49:47', NULL, '7922 Nannie Garden Apt. 567\nMalvinaton, SC 79187-4519', '661.901.7950'),
(308, 'Urban Walter', 'trisha58@mcglynn.com', 'User', NULL, '$2y$10$7UNVVBKvkFl.idb3DX9hzOqd7DbrKGPOsObgHx3mFAU8vzdjmCiIS', NULL, NULL, NULL, NULL, NULL, '2022-04-11 12:20:34', NULL, '777 Marks Estate\nNew Oscarside, MA 72449', '940-636-2826'),
(309, 'Emelia Konopelski', 'pascale.turner@lind.net', 'User', NULL, '$2y$10$9ngabHn5Nz3HZyQcRIplauZ.8nPCIxI.SNwNqiWbJo4lDdDW5Vv96', NULL, NULL, NULL, NULL, NULL, '2022-04-11 13:07:50', NULL, '4707 Becker Heights Suite 619\nNorth Erwin, TX 22291-5527', '+1-956-432-5129'),
(310, 'Elisha Rempel', 'pborer@hotmail.com', 'User', NULL, '$2y$10$Dn9J4/MeIX7JiMfcrcHraOX57P9FYOsIEw/xNQWQz.IwxRDZBUGzG', NULL, NULL, NULL, NULL, NULL, '2022-04-11 11:30:23', NULL, '9848 Molly Row\nFadelview, AK 69385', '(615) 358-7535'),
(311, 'Brooke Mertz II', 'grunte@gulgowski.com', 'User', NULL, '$2y$10$ewC3R2pwODJfjbdUmttQjOmBaArZ7QpYTJ4QW58xSLVrsm1CTrN62', NULL, NULL, NULL, NULL, NULL, '2022-04-11 18:12:42', NULL, '75839 Padberg Pike\nKailynshire, CT 59916', '+1-551-616-8958'),
(312, 'Prof. Samir Schinner', 'kaylin.hyatt@howe.com', 'User', NULL, '$2y$10$8lrLQCd8m.1lz7e0vfoPReTGs3jVcRAvOX9vhMG4O.Kc/1dAviBqu', NULL, NULL, NULL, NULL, NULL, '2022-04-11 12:00:50', NULL, '92112 Megane Viaduct\nPort Keaton, HI 84376-0124', '+1-272-758-7756'),
(313, 'Ms. Blanca Dare', 'whalvorson@waters.com', 'User', NULL, '$2y$10$PKr7aUE49AuZgTVkzfjVpe1BrHDPa4nnxZT53wSbqJDXfeWjBQlf6', NULL, NULL, NULL, NULL, NULL, '2022-04-10 23:41:55', NULL, '514 Saige Prairie Suite 540\nLake Johnathantown, VA 70245-6268', '+1-283-288-4546'),
(314, 'Jacklyn McDermott', 'kuhic.dameon@towne.com', 'User', NULL, '$2y$10$tXq4OVPOx7QdmLhLel0FO.DDC9fD9/PMkEiI4LrF3VKahE5HNSfqW', NULL, NULL, NULL, NULL, NULL, '2022-04-11 22:49:39', NULL, '8934 Larkin Spurs Apt. 851\nZemlakberg, TX 00408-9318', '1-603-748-7871'),
(315, 'Ole Pacocha II', 'howell.arden@rutherford.org', 'User', NULL, '$2y$10$RYX.5uaiZF2eElLhR1.bk.Zso8zBfqg40.tmR8G4tqYUdugtqCrEW', NULL, NULL, NULL, NULL, NULL, '2022-04-10 18:27:12', NULL, '2619 Grady Fort\nLake Camilaburgh, AR 79951-7211', '845-896-6588'),
(316, 'Nicholaus Cruickshank', 'verna99@beahan.com', 'User', NULL, '$2y$10$PBJJO9xlVjz5mhtiePmkye6oDA2acZj1EjskzzZEhNQ1YFDUHe2ny', NULL, NULL, NULL, NULL, NULL, '2022-04-11 09:49:39', NULL, '48785 Kirlin Path Suite 435\nMarcelinaside, IN 60466', '(734) 742-1945'),
(317, 'Ms. Karianne Ryan Jr.', 'jjohns@marks.com', 'User', NULL, '$2y$10$D/fHmw/jTHSbfgiS/Wg5TOw2Fxt4nO9LgpxSHMFwQ4ycvAbTJOjre', NULL, NULL, NULL, NULL, NULL, '2022-04-12 02:39:57', NULL, '54455 Helmer Forest\nEast Darienmouth, IL 90504-7471', '325.684.5043'),
(318, 'Miss Rosalind Nikolaus Jr.', 'chesley45@hotmail.com', 'User', NULL, '$2y$10$ZJXU1WgFiZcaVakKBmu7WeWb/dRyfdphtxxUQqvf/Y0lJpyAnj1re', NULL, NULL, NULL, NULL, NULL, '2022-04-11 17:38:34', NULL, '23738 Schroeder Point\nWelchland, ND 59477-6939', '641-205-3216'),
(319, 'Danika Renner', 'tremblay.albina@hotmail.com', 'User', NULL, '$2y$10$sqDyA.A0HEcQGcv7vnANMOvYivCcZUq85HDMAVQVQqq0940tdrIZq', NULL, NULL, NULL, NULL, NULL, '2022-04-10 17:54:02', NULL, '230 Moore Burg\nBrianahaven, MI 92240', '+1-361-942-5123'),
(320, 'Ronaldo O\'Conner V', 'zsauer@yahoo.com', 'User', NULL, '$2y$10$1GEQGLKdJ0WZQ1/rmAAsve4JO973tSWPv8P.jnjb9zE0IpcHx/.ce', NULL, NULL, NULL, NULL, NULL, '2022-04-10 19:43:51', NULL, '825 Nitzsche Corner Apt. 740\nSamirview, MO 18105-7820', '623.238.2282'),
(321, 'Mr. Turner Koss', 'jeffrey72@reilly.biz', 'User', NULL, '$2y$10$pMOxumDyB.OZbLdeeB6p9OWPkHUyYBSYAfecHThTxGayNqjgbEKMK', NULL, NULL, NULL, NULL, NULL, '2022-04-10 15:51:18', NULL, '9585 Littel Trace\nLake Jazmin, IL 37889', '+1-680-750-1136'),
(322, 'Margarett Williamson', 'ophelia05@franecki.com', 'User', NULL, '$2y$10$9gGdA5Q1aJgrs/l1bA03tuokhTnPLoeOVyP9Vc4UzqgXaWby7DWU.', NULL, NULL, NULL, NULL, NULL, '2022-04-11 22:23:43', NULL, '17741 Brody Landing\nLynchborough, NY 42396', '1-702-337-3241'),
(323, 'Hassie Ruecker', 'swaniawski.tyrell@vonrueden.com', 'User', NULL, '$2y$10$VgTaW4aHyuKBSasfGtQNae5QVKPeK6AoSTYpvDFYq9Qu0pRJ1Z4Z2', NULL, NULL, NULL, NULL, NULL, '2022-04-12 04:22:41', NULL, '84256 Kreiger Mountain\nRodriguezview, ID 79936', '539-962-2442'),
(324, 'Mr. Jo Stehr', 'eladio97@walter.com', 'User', NULL, '$2y$10$JVolWPk9c.3K9VtpD/K8/ukYp1v5O3vRh4DWF7UiftJ/S9UDWbq6K', NULL, NULL, NULL, NULL, NULL, '2022-04-12 01:20:28', NULL, '39315 Altenwerth Roads Suite 831\nPort Jerod, VA 81381', '1-531-550-8326'),
(325, 'Jerad Jacobson IV', 'lavada65@yahoo.com', 'User', NULL, '$2y$10$wP96QFPW19.F/CMS7lU9nOoAXChvZAblxQr5.4.0t5NGf2PIkkfyK', NULL, NULL, NULL, NULL, NULL, '2022-04-10 12:27:35', NULL, '3515 Hane Row\nBergnaumburgh, UT 72007', '214-346-6296'),
(326, 'Orval Koepp', 'hermiston.daron@okon.com', 'User', NULL, '$2y$10$vIEOLArILDkeJ9wq6JHYNua.aK9uizkujJTzcr/1zmlF6U3LotEui', NULL, NULL, NULL, NULL, NULL, '2022-04-11 22:30:07', NULL, '71844 Spencer Junctions Apt. 894\nSouth Neva, OH 89985', '702-292-7397'),
(327, 'Arjun Dibbert V', 'rwillms@spinka.com', 'User', NULL, '$2y$10$XnjZJmPIw4tQxLb0XnIX6Ou5o5Gae6TGV9i7osHcU9DGl6sMn3Naa', NULL, NULL, NULL, NULL, NULL, '2022-04-10 14:00:48', NULL, '38982 Judson Branch Apt. 977\nNorth Jackelineburgh, NY 51735-1103', '+1-480-387-1515'),
(328, 'Pierce Cremin', 'damien.bins@gmail.com', 'User', NULL, '$2y$10$XqA7yY40I.UnTH0IWWpsLumvTkZ8aYDNV0tvQJqEE96pa/kyT/e9O', NULL, NULL, NULL, NULL, NULL, '2022-04-11 02:07:51', NULL, '2311 Lehner Center Apt. 364\nErnestomouth, TX 95885-1152', '(662) 313-8683'),
(329, 'Zoey Bechtelar', 'qbruen@stroman.com', 'User', NULL, '$2y$10$mZwofjQvyVh6cJxiUcTWWerA5YSj6coEZpXw7qiz3KRXuBeJtPmBW', NULL, NULL, NULL, NULL, NULL, '2022-04-10 17:33:27', NULL, '5488 Macejkovic Mount Apt. 069\nNew Kathryn, PA 57949-0364', '928-310-3665'),
(330, 'Layne Batz', 'grady.lela@hotmail.com', 'User', NULL, '$2y$10$j9EGmeHahRJy/yalEwAGsuriJwcyU7bTbht2D5QyuJ/hOK0l.XLrW', NULL, NULL, NULL, NULL, NULL, '2022-04-10 20:55:33', NULL, '49832 Zulauf Views Suite 513\nNorth Kailyn, DC 06452', '+1-585-845-8930'),
(331, 'Jonatan Brekke', 'christiana58@gmail.com', 'User', NULL, '$2y$10$VJGEO7nB2USA0SZ0.IevqekEVhrSW7Gtts3R.m/r3G7O2WYj1jxMq', NULL, NULL, NULL, NULL, NULL, '2022-04-11 08:33:12', NULL, '661 Sylvan Mill Suite 263\nPort Holdenside, GA 16924-9945', '631-678-4272'),
(332, 'Buddy Marquardt Sr.', 'baron.runolfsdottir@yahoo.com', 'User', NULL, '$2y$10$oG/DTN/453qYRTPL1fYECuXEk.pF5GUHu2WSldKVmANl5zJtx9UHi', NULL, NULL, NULL, NULL, NULL, '2022-04-10 17:58:46', NULL, '44660 Mariana Circle Suite 272\nPort Demond, KS 12853-9610', '+1 (681) 206-1163'),
(333, 'Leone Kihn', 'josue.sporer@welch.com', 'User', NULL, '$2y$10$rU32B0h0X.CBF8rF3mSn9e58CzLFc0Dyv5Tz40VUjvaRfZcNc15mO', NULL, NULL, NULL, NULL, NULL, '2022-04-11 08:27:11', NULL, '998 Cummerata Roads\nSchimmelside, NH 55561', '+1-984-691-7947'),
(334, 'Ayden Hammes', 'jackeline87@quitzon.com', 'User', NULL, '$2y$10$jGt4iJHBezFNaslX1Jv6fuQ6.yb75VeJuoW.BlNhyz7lZUYoKmJ1m', NULL, NULL, NULL, NULL, NULL, '2022-04-12 01:36:27', NULL, '260 Kub Pike\nChristophechester, VA 36332-4867', '678-703-9246'),
(335, 'Percy Reynolds', 'mauricio95@hotmail.com', 'User', NULL, '$2y$10$oBUJLRDosUMAptYYuXajx./HPTReNyFmVa2v9bOA5TiuftxnOvvIO', NULL, NULL, NULL, NULL, NULL, '2022-04-10 23:33:04', NULL, '336 Addie Courts\nLempifurt, UT 64728', '(602) 583-4748'),
(336, 'Prof. Brent Mills', 'hyatt.joesph@braun.com', 'User', NULL, '$2y$10$hPs4p2txgQj.5XOLcgunz.ehl0iMoWRJxUYFRM3/D1fh14Y6FP1um', NULL, NULL, NULL, NULL, NULL, '2022-04-10 21:07:41', NULL, '4156 Jacobson Summit\nKoelpinhaven, NH 53601', '848.687.9843'),
(337, 'Elinor Dickinson', 'amiya26@gmail.com', 'User', NULL, '$2y$10$wEudqDIsuXNBi0EFdSSwledkJr0cKWUcb5tSsjcz9t/GtyEY2Y4Ru', NULL, NULL, NULL, NULL, NULL, '2022-04-11 07:02:53', NULL, '88560 Sydni Burgs Suite 152\nMayertburgh, NY 69212-3536', '602.568.1423'),
(338, 'Keegan Kuvalis', 'qmills@jacobi.net', 'User', NULL, '$2y$10$wGZTeqVMnwFsWLQ/BOKfTeQwqkP./NejXDrV5xujd.t.CI7KCKKd6', NULL, NULL, NULL, NULL, NULL, '2022-04-11 21:53:35', NULL, '6474 Spencer Trace Suite 564\nStefanieshire, MN 50827', '1-915-965-8355'),
(339, 'Dr. Danielle Durgan III', 'mnikolaus@parker.com', 'User', NULL, '$2y$10$z.C6BCxYBTgfytY9G8YE8uTpZhNHXkIrLyjkSfuspu.S97cgHB4Ji', NULL, NULL, NULL, NULL, NULL, '2022-04-12 04:13:53', NULL, '96863 Justine Estate Suite 556\nLuettgenland, CT 94296-9545', '443.930.3813'),
(340, 'Jordy Altenwerth', 'medhurst.esteban@gmail.com', 'User', NULL, '$2y$10$LOevv2tqGF1Po9OI0HJJAemHi7bH/ZhMXXiFwgvukGOGhPBnZasD2', NULL, NULL, NULL, NULL, NULL, '2022-04-11 01:37:41', NULL, '2900 Stephen Wall\nIsabellafort, KY 86822-0500', '(614) 726-2246'),
(341, 'Ms. Breanna Yost', 'cade10@emard.com', 'User', NULL, '$2y$10$YbyQOKUnNOdO10gdSyFRDOziksp61DMX6Cpx5rCXeV89jgt0nlStW', NULL, NULL, NULL, NULL, NULL, '2022-04-10 11:04:31', NULL, '7316 Hubert Grove\nNorth Brookeside, NJ 66787', '(253) 305-3093'),
(342, 'Audrey Schuppe', 'delilah.waters@hotmail.com', 'User', NULL, '$2y$10$mkRNZX1du./mTqyRRWuE1.dmn18vATCs13ZlV1SDKqPrTZZ4j4nje', NULL, NULL, NULL, NULL, NULL, '2022-04-11 08:31:37', NULL, '27921 Gutmann Tunnel Apt. 974\nWest Elisa, AK 47588-0660', '440-719-9494'),
(343, 'Ryann Kris', 'kurtis.bogan@rolfson.biz', 'User', NULL, '$2y$10$SBqX1YCR1c1TBKyXlS6J5eAPFM6nmDEipJBy4iK9JDvoOs/KW5HKq', NULL, NULL, NULL, NULL, NULL, '2022-04-12 03:25:48', NULL, '891 Flatley Circles\nWizaland, AL 75620-4296', '+1-470-716-8735'),
(344, 'Cierra Abbott', 'eoconner@yahoo.com', 'User', NULL, '$2y$10$vH.tijm2M5QDLPUMOHDdLe4qbboIrl6Vf10LvlLPfMVX9RQ58XrXu', NULL, NULL, NULL, NULL, NULL, '2022-04-10 20:51:06', NULL, '290 Raynor Locks Suite 994\nKertzmannland, ME 77401-7728', '678.348.6190'),
(345, 'Mya Diamond', 'myadiamond@gmail.com', 'User', NULL, '$2y$10$UojuP2HyrdU07Y/mSkf7Eu9LOjODlpij1mrVrXFaNdlJKIwspXw16', NULL, NULL, NULL, NULL, NULL, '2022-04-13 06:49:52', '2022-04-15 19:05:29', NULL, NULL),
(346, 'Toni Maki', 'joseph@gmail.com', 'User', NULL, '$2y$10$KNEjVwK.qC7VcPKwWMvJ9.E4zTwfWQXGeaSijCpFXlIMGjLyY8RiC', NULL, NULL, NULL, NULL, NULL, '2022-04-13 06:54:16', '2022-04-13 06:54:16', NULL, NULL),
(347, 'asdasdsqweqw', 'asdasda@gmail.com', 'User', NULL, '$2y$10$QVWxE.kBhlIjXFkdPG5aBuhuUrlJZSOAkWIqDAqnHIAApzgz4zWOy', NULL, NULL, NULL, NULL, NULL, '2022-04-13 17:09:28', '2022-04-13 17:09:28', NULL, NULL),
(348, 'asdsa asdas', 'sdw123@gmail.com', 'User', NULL, '$2y$10$OEuQ1hkC.fMYNcCjm3ZWseUWibQGpd7gK7uizPuuxsAaa1lQQugYG', NULL, NULL, NULL, NULL, NULL, '2022-04-15 19:12:22', '2022-04-15 19:12:22', 'Rakoczi utca 85', '+36201111111'),
(349, 'john bravo', 'bravo@gmail.com', '', NULL, '$2y$10$EzoqbW.yG4S5cRAIYEkR2ufmC4DWRipJZd5fdQu/kKuP6GlQJlXfK', NULL, NULL, NULL, NULL, NULL, '2022-04-15 19:23:53', '2022-04-15 19:23:53', 'Rakoczi utca 85', '+36201111111'),
(350, 'Adam Thomas', 'user@gmail.com', 'Admin', NULL, '$2y$10$oYEaRXo7PWsa26WFuedglu3ukvAH.eOphrK.x2L1bOSXBtr2g6DeO', NULL, NULL, NULL, NULL, NULL, '2022-04-15 19:27:35', '2022-04-15 19:45:39', 'Rakoczi utca 85', '+36201111111'),
(351, 'xcxyc dsadsa', 'asdasweq22e@gmail.com', '', NULL, '$2y$10$mxySQhIAXvCO57P2La.mvuuvxRiApPWoLtnbo5bYE.6d6dUpI5fJK', NULL, NULL, NULL, NULL, NULL, '2022-04-15 19:28:26', '2022-04-15 19:28:26', 'asdasda3232', '+36201111111'),
(352, 'xy zed', 'xyzed@gmail.com', 'Admin', NULL, '', NULL, NULL, NULL, NULL, NULL, '2022-04-15 19:44:36', '2022-04-15 19:44:36', 'Rakoczi utca 85', '+36201111111'),
(353, 'xcxvcv vxcvxcv', 'asdasd1234@gmail.com', 'User', '2022-04-17 04:35:53', '$2y$10$bYOCM7gWPcSJCQmT2jwQpeAYwtVK2l9s9jbxCqKJKP2Ua29w4bKQu', NULL, NULL, NULL, NULL, NULL, '2022-04-17 04:34:13', '2022-04-17 04:35:53', 'Rakoczi utca 85', '+36201111111'),
(354, 'xyc ', 'xyc@yahoo.com', '', NULL, '$2y$10$uZbNg4T9Gx.qAW2P6Az0JeQAXoyzoEEh2uy.Ra6A3otpbJ4.O/uiS', NULL, NULL, NULL, NULL, NULL, '2022-04-17 05:46:02', '2022-04-17 05:46:56', 'Rakoczi utca 85', '+36201111111'),
(356, 'xxxxx ggggggg', 'aaaaaaaaa@gmail.com', '', NULL, '', NULL, NULL, NULL, NULL, NULL, '2022-04-17 05:55:44', '2022-04-17 05:55:44', 'Rakoczi utca 85', '+36201111111'),
(357, 'aaaaaa bbb', 'bbbbbb@gmail.com', '', NULL, '$2y$10$GfWnip0ASRQSDbCc9EzLtOaro9xMR0rFzvkQCKwINwZcJRfPvm/j2', NULL, NULL, NULL, NULL, NULL, '2022-04-17 05:58:25', '2022-04-17 05:58:59', 'Rakoczi utca 85', '+36201111111'),
(358, 'vvvv yyyyyyyyy', 'vvvvvvv@gmail.com', '', NULL, '$2y$10$gIqDk5l31it9dYSQ9yIr6.k2fZubZ7EH9wEvCxLcVFKlJFpi.CZlW', NULL, NULL, NULL, NULL, NULL, '2022-04-17 06:00:28', '2022-04-17 06:01:05', 'Rakoczi utca 85', '+36201111111'),
(359, 'werrrr aaaaa', 'wer123@yahoo.com', 'User', NULL, '$2y$10$oyJgIOq5yYwwurVKWKIMgOxPg2BJBjv0sup702SO9.3WpKilF/lf.', NULL, NULL, NULL, NULL, NULL, '2022-04-17 09:36:21', '2022-04-17 09:36:21', NULL, NULL),
(360, 'we addasda', 'asdasdasd2q312@gamil.com', 'User', NULL, '$2y$10$MEN9m/RtvK2UTw8hWUe3NemYo9yPTSbfjX9lLF08EAlpkbooG5Lsi', NULL, NULL, NULL, NULL, NULL, '2022-04-17 09:37:33', '2022-04-17 09:37:33', NULL, NULL),
(361, 'John smith', 'johnsmith@gmail.com', 'User', NULL, '$2y$10$8MoJRAxmbe9tLa5RNUIPzuGlnXY3CfdvrieufXllCh3jfIA/0z.qS', NULL, NULL, NULL, NULL, NULL, '2022-04-17 09:39:14', '2022-04-17 09:39:14', NULL, NULL),
(362, 'john doe', 'johndoe@0123gmail.com', '', NULL, '$2y$10$Cwghjg//gBM7CfJ403FV1OC4K/h3eal9jNLuzXa/Y8evmnBoat6Ra', NULL, NULL, NULL, NULL, NULL, '2022-04-17 11:02:11', '2022-04-17 11:02:11', 'ra', '+36201111111'),
(365, 'asdasdsa', 'asdawsd21312@gmail.com', 'user', NULL, '$2y$10$LPDKbC6wo7eV0II02.6qNuVv8G8JeqpnLdIb.a6jHMiG489bbeStG', NULL, NULL, NULL, NULL, NULL, '2022-04-17 11:28:21', '2022-04-17 11:28:21', 'Rakoczi utca 85', '+36201111111'),
(366, 'acvbe adobe', 'adoe@ghu.com', 'User', NULL, '$2y$10$amYwv1rRW3hRu5UDcFnSsOzUjk1ZqilH/V3Tu9zN5gleFBB/ZB6lW', NULL, NULL, NULL, NULL, NULL, '2022-04-17 15:46:29', '2022-04-17 15:46:29', NULL, NULL),
(368, 'asd asda', '2112222222ldslskdjdssd@gmail.com', 'user', NULL, '$2y$10$IXXmtXGcmkCSizkyz6Tghe4rqjLPRygLZVTpX9.C8POWWYEZLJ5aO', NULL, NULL, NULL, NULL, NULL, '2022-04-18 15:59:56', '2022-04-18 15:59:56', 'Rakoczi utca 85', '+36201111111'),
(369, 'Adam Thomas', 'csizmar22@gmail.com', '', NULL, '$2y$10$sFuVUaWbRG4X08NQWmkiDuzJ6o7e/kKlWwguCPauMTbWK0KUmLu5q', NULL, NULL, NULL, NULL, NULL, '2022-04-19 17:08:39', '2022-04-19 17:08:39', '', ''),
(370, 'asdas asdassda', 'asdas23123asdasqw@hcd.com', 'User', NULL, '$2y$10$kV4fCA1jlEVlOAShf4OUUuYKb1DynFKJCMSiikP4nMRcsKiAa/4rW', NULL, NULL, NULL, NULL, NULL, '2022-04-19 20:10:59', '2022-04-19 20:36:07', 'Rakoczi utca 1233', '+36204567864'),
(371, 'tekiusa', 'tekla28@gmail.com', 'Admin', NULL, '$2y$10$NAlkzAJKj6/RisBkKXtkQ.cBXKTmUG/F/a8Yom018ZbWTPKukeuUm', NULL, NULL, NULL, NULL, NULL, '2022-04-19 20:13:00', '2022-04-19 20:59:39', 'Rakoczi utca 12', '+362011112323'),
(374, 'Adam Thomas', 'asdasdasd2q312@gamiasdsa.com', 'user', NULL, '$2y$10$ks4VZrbjJEa4J1w17TlaC.ncQgbdRaWdfO8pSHuRbR2PxObd3oKEK', NULL, NULL, NULL, NULL, NULL, '2022-04-19 21:01:52', '2022-04-20 05:36:17', 'Rakoczi utca 123', '+36201111111'),
(375, 'toth arpad', 'totharpad@gmail.com', 'User', NULL, '$2y$10$I.ywuabLurJbhN7gkOsRfOJbnTJ9f4jMZ46wQ37b742bLE3xWLMBi', NULL, NULL, NULL, NULL, NULL, '2022-04-20 06:11:38', '2022-04-20 06:11:38', NULL, NULL),
(376, 'kelemen anna', 'anna22@gmail.com', 'User', NULL, '$2y$10$LRd95U.xdyHue8OyMXdAW.xsgfsfWXxhb1unnMFLK3yEimvN/TEoy', NULL, NULL, NULL, NULL, NULL, '2022-04-20 06:15:40', '2022-04-20 06:16:04', 'Rakoczi utca 1234', '+3620456789');

--
-- Indexes for dumped tables
--

--
-- Indexes for table `failed_jobs`
--
ALTER TABLE `failed_jobs`
  ADD PRIMARY KEY (`id`),
  ADD UNIQUE KEY `failed_jobs_uuid_unique` (`uuid`);

--
-- Indexes for table `migrations`
--
ALTER TABLE `migrations`
  ADD PRIMARY KEY (`id`);

--
-- Indexes for table `password_resets`
--
ALTER TABLE `password_resets`
  ADD KEY `password_resets_email_index` (`email`);

--
-- Indexes for table `personal_access_tokens`
--
ALTER TABLE `personal_access_tokens`
  ADD PRIMARY KEY (`id`),
  ADD UNIQUE KEY `personal_access_tokens_token_unique` (`token`),
  ADD KEY `personal_access_tokens_tokenable_type_tokenable_id_index` (`tokenable_type`,`tokenable_id`);

--
-- Indexes for table `products`
--
ALTER TABLE `products`
  ADD PRIMARY KEY (`id`);

--
-- Indexes for table `rooms`
--
ALTER TABLE `rooms`
  ADD PRIMARY KEY (`id`);

--
-- Indexes for table `sessions`
--
ALTER TABLE `sessions`
  ADD PRIMARY KEY (`id`),
  ADD KEY `sessions_user_id_index` (`user_id`),
  ADD KEY `sessions_last_activity_index` (`last_activity`);

--
-- Indexes for table `transactions`
--
ALTER TABLE `transactions`
  ADD PRIMARY KEY (`id`),
  ADD KEY `transactions_room_id_foreign` (`room_id`),
  ADD KEY `transactions_user_id_foreign` (`user_id`);

--
-- Indexes for table `users`
--
ALTER TABLE `users`
  ADD PRIMARY KEY (`id`),
  ADD UNIQUE KEY `users_email_unique` (`email`);

--
-- AUTO_INCREMENT for dumped tables
--

--
-- AUTO_INCREMENT for table `failed_jobs`
--
ALTER TABLE `failed_jobs`
  MODIFY `id` bigint(20) UNSIGNED NOT NULL AUTO_INCREMENT;

--
-- AUTO_INCREMENT for table `migrations`
--
ALTER TABLE `migrations`
  MODIFY `id` int(10) UNSIGNED NOT NULL AUTO_INCREMENT, AUTO_INCREMENT=12;

--
-- AUTO_INCREMENT for table `personal_access_tokens`
--
ALTER TABLE `personal_access_tokens`
  MODIFY `id` bigint(20) UNSIGNED NOT NULL AUTO_INCREMENT, AUTO_INCREMENT=36;

--
-- AUTO_INCREMENT for table `products`
--
ALTER TABLE `products`
  MODIFY `id` bigint(20) UNSIGNED NOT NULL AUTO_INCREMENT, AUTO_INCREMENT=46;

--
-- AUTO_INCREMENT for table `rooms`
--
ALTER TABLE `rooms`
  MODIFY `id` bigint(20) UNSIGNED NOT NULL AUTO_INCREMENT, AUTO_INCREMENT=7;

--
-- AUTO_INCREMENT for table `transactions`
--
ALTER TABLE `transactions`
  MODIFY `id` bigint(20) UNSIGNED NOT NULL AUTO_INCREMENT, AUTO_INCREMENT=32;

--
-- AUTO_INCREMENT for table `users`
--
ALTER TABLE `users`
  MODIFY `id` bigint(20) UNSIGNED NOT NULL AUTO_INCREMENT, AUTO_INCREMENT=377;

--
-- Constraints for dumped tables
--

--
-- Constraints for table `transactions`
--
ALTER TABLE `transactions`
  ADD CONSTRAINT `transactions_room_id_foreign` FOREIGN KEY (`room_id`) REFERENCES `rooms` (`id`) ON DELETE CASCADE ON UPDATE CASCADE,
  ADD CONSTRAINT `transactions_user_id_foreign` FOREIGN KEY (`user_id`) REFERENCES `users` (`id`) ON DELETE CASCADE ON UPDATE CASCADE;
COMMIT;

/*!40101 SET CHARACTER_SET_CLIENT=@OLD_CHARACTER_SET_CLIENT */;
/*!40101 SET CHARACTER_SET_RESULTS=@OLD_CHARACTER_SET_RESULTS */;
/*!40101 SET COLLATION_CONNECTION=@OLD_COLLATION_CONNECTION */;
